id,identifier
5eb4eaa7da6da3b502db1f72,247-VI-00008
5faa48d5205391c03b5bd6f8,276-VI-00022
60940998b5ef6a0c984a0c96,058-PR-02960
5ec833d821581078294c6b44,411-PR-00278
603bab2c9e8b013f26f8c32f,975-PR-02932
6093ffd7b5ef6a0c9847c120,273-VI-00001
5eb4eb59da6da3b502db43ad,402-AA-00001
5eb4e9e9da6da3b502daf5ab,221-VI-00027
5ef4df88f1cdbf68d06e2393,225-VI-00049
5ee0f367f1cdbf68d075b8cf,160-VI-00083
5ec8314021581078294c0951,131-VI-00046
60e73d9886f54aa214e520f2,086-VI-00005
5f3f6e2506158f011efbf82d,256-CO-00386
5f2c4d7206158f011eee92da,118-CO-00071
5f5513d706158f011e1e4417,746-PR-00604
5f5519bb06158f011e1ec839,417-CO-00080
607edb35b5ef6a0c984f602f,1109-VI-00007
607ee17db5ef6a0c985211d0,339-VI-00010
61bd884221f9a393b3b4ba5e,795-VI-00002
5fee5bd99e8b013f2693119f,811-VI-00008
603ba4449e8b013f26f74c36,001-CO-00608
607eebb8b5ef6a0c9854ac04,593-PR-02241
5f5f96ca06158f011e409e27,139-VI-00113
5f11db24f1cdbf68d0c22e3e,126-VI-00023
5eb4e82ada6da3b502da6305,070-VI-00035
5f0f446bf1cdbf68d09aa5a6,345-EE-00028
5ef4e572f1cdbf68d06eb797,620-VI-00002
5ebc2b94da6da3b5022ffb5c,089-VI-00021
5f040bacf1cdbf68d01568c1,401-PR-00375
5ef2375ef1cdbf68d0561173,159-VI-00033
5f0dede0f1cdbf68d08a37a5,565-VI-00001
5ef4df4df1cdbf68d06e1d68,216-VI-00090
61153497786f7f0df6864db8,664-CO-00804
60a690bdc06b49dd3f686238,350-VI-00003
5eb4e82ada6da3b502da630b,070-VI-00038
5eb4eb2ada6da3b502db3a71,326-VI-00001
6195dbd26abee668742ac659,1266-VI-00004
5f55130806158f011e1e3217,185-PR-00608
5eb4ea37da6da3b502db07ad,228-VI-00007
5ec835bd21581078294c9ae3,478-VI-00001
5ec58cf421581078292472f9,468-VI-00003
5fee2f449e8b013f268fcb7f,452-VI-00016
5f075b3af1cdbf68d03c5fbd,609-VI-00001
5eb4e823da6da3b502da5ef3,070-VI-00027
5eb4e860da6da3b502da7cb5,115-VI-00002
5f040d37f1cdbf68d015a2fa,562-VI-00010
5eced25e2158107829878627,238-VI-00059
5eb4e80eda6da3b502da5173,056-VI-00050
5ede7084f1cdbf68d0585ba1,047-VI-00053
60e7414a86f54aa214e75f9b,469-VI-00013
5f76dba606158f011e37aeca,444-CO-00179
5eb4eb43da6da3b502db3f46,379-VI-00021
5f3f5ce706158f011ef8ea2b,247-VI-00016
5ed68cea2158107829e55f3c,222-VI-00071
5eb4ea7ada6da3b502db1628,237-AA-00001
607eec0fb5ef6a0c9854be62,440-DC-00014
5f1dc20d3a620227c4be368d,554-VI-00011
619f0b0521f9a393b3df42d8,598-CO-00888
5f29a45506158f011ec509ed,627-VI-00001
5eb4e80eda6da3b502da5187,057-VI-00003
60fb55ce86f54aa21453e80f,433-PR-03244
5eb4e82ada6da3b502da6307,070-VI-00036
6089f66bb5ef6a0c98cf81a3,646-PR-00959
5f2b4a2d06158f011ed83b13,276-VI-00015
5f23050406158f011e8a5722,608-PR-00529
5eb4e896da6da3b502da928a,140-VI-00011
5ec021892158107829dec66f,221-VI-00031
6088a89fb5ef6a0c98a4433d,123-PR-00025
5f187a94f1cdbf68d0111ee4,457-VI-00029
5eb4ea23da6da3b502db0335,227-VI-00018
61134bd9786f7f0df656adaa,150-PR-03105
5f5517d906158f011e1e9e90,920-VI-00005
5ec01fb62158107829de7470,132-VI-00006
6090072bb5ef6a0c98f55ed3,290-VI-00012
5f11310cf1cdbf68d0af85c6,040-VI-00047
5ef78225f1cdbf68d0882ed8,391-VI-00002
5eecf48af1cdbf68d0186689,224-VI-00035
5ec020572158107829de9164,173-VI-00040
618e71526abee66874eb5490,608-CO-00786
5eb4e861da6da3b502da7cfe,125-VI-00004
5f5513aa06158f011e1e4093,427-PR-00209
5f630b6806158f011e7588ac,261-VI-00055
5eb5946cda6da3b502e51762,168-VI-00055
5f3f620b06158f011efa09de,410-PR-00733
60fb55c986f54aa21453d8b7,300-VI-00003
5f20674e3a620227c4d375bb,581-VI-00001
5eb4e82bda6da3b502da6360,073-VI-00012
5eb4e823da6da3b502da5e99,068-VI-00012
5eb4e80eda6da3b502da5169,056-VI-00046
5ef43f82f1cdbf68d0670710,665-VI-00011
5f172d0ff1cdbf68d001ede6,453-VI-00022
5ed68ca82158107829e55718,200-AA-00002
5ec58cb8215810782924703d,417-VI-00002
5eb596f2da6da3b502e5a6b7,277-VI-00003
5eb4e7e9da6da3b502da3b37,042-VI-00001
5f0405e5f1cdbf68d0142fcc,131-VI-00049
5fee3b4e9e8b013f2690d003,173-PR-00142
5eb4ead0da6da3b502db280c,266-AA-00002
5eb4e904da6da3b502daba00,182-VI-00005
5eb4ebc9da6da3b502db5901,436-VI-00001
5eb4e943da6da3b502dacc0a,193-VI-00040
5f896f9485445785cc4f70b4,232-VI-00077
5ee0f65df1cdbf68d0760768,280-VI-00007
607eebd3b5ef6a0c9854b18e,664-PR-02765
5ed53a922158107829d87bf5,195-VI-00033
5eb4e942da6da3b502dacbd2,193-VI-00014
5ee50e99f1cdbf68d0bf34db,450-VI-00001
5eb4e913da6da3b502dabe53,187-VI-00023
5f3f510706158f011ef5ffe6,175-VI-00025
5f18774ef1cdbf68d010dd7c,111-PR-00664
5f5513d706158f011e1e441b,746-PR-00604
5fee31b99e8b013f269001c4,058-PR-00856
5ee7aef5f1cdbf68d0de0424,238-VI-00062
624476c1755cba02e5d6284d,339-VI-00036
5f0405d0f1cdbf68d014282b,098-VI-00010
607edae5b5ef6a0c984f3fe9,1109-VI-00002
5eb4ec2dda6da3b502db785f,465-VI-00001
5eb4e80eda6da3b502da5165,056-VI-00044
5eb4e963da6da3b502dad4d5,196-VI-00042
5eb4e83dda6da3b502da6bb4,088-AA-00003
5f171fb6f1cdbf68d000b2c3,115-VI-00026
5eb4e8c1da6da3b502daa362,151-VI-00004
5fee47009e8b013f2691b673,326-PR-02552
5f55131406158f011e1e3306,199-PR-00033
5f5519ba06158f011e1ec817,391-CO-00079
5ec835c521581078294c9b80,646-VI-00001
5eb4e81ada6da3b502da5a5e,061-VI-00007
5eb4ea36da6da3b502db07a1,228-AA-00001
5f28449c06158f011eaec728,107-VI-00004
61b9934b21f9a393b3bbca37,812-VI-00005
5ed9d604f1cdbf68d024ba72,252-VI-00003
5f899c1c85445785cc55eb41,399-CO-00126
5eb4e846da6da3b502da7016,101-VI-00008
5eb4e9afda6da3b502dae80b,215-VI-00079
5eb4e83dda6da3b502da6bb0,083-VI-00003
60fb55ce86f54aa21453e86e,255-VI-00014
5f5c96fe06158f011edb2f0a,220-AA-00002
5f2300f506158f011e895a87,199-VI-00065
5ed68cac2158107829e5576e,202-VI-00008
5eb4eb59da6da3b502db4397,399-VI-00009
5f26fc7506158f011ea7e83c,329-VI-00011
5f06af17f1cdbf68d0301d22,255-VI-00009
60a69326c06b49dd3f69453c,060-PR-00977
5f0405a1f1cdbf68d014170a,058-VI-00084
5ee0f2c2f1cdbf68d075a1e8,122-VI-00006
5fee40b89e8b013f26913aaf,233-PR-02642
5eb4e860da6da3b502da7cc6,118-VI-00003
5f55083006158f011e1cf41f,194-VI-00052
6176c0ff6e54bb62e7c94b15,837-AA-00006
5fee68af9e8b013f2693d677,186-EE-00106
5efa28d8f1cdbf68d0a560d0,582-VI-00052
5fee55609e8b013f2692aead,654-VI-00062
5f5502bf06158f011e1c2673,068-VI-00033
60e7427786f54aa214e82254,1096-PR-02509
5eb4e81ada6da3b502da5a0a,059-VI-00001
5eb4ecbeda6da3b502dbaca7,582-VI-00036
5eb4eae6da6da3b502db2c9e,278-VI-00029
5f3f63b006158f011efa5ed5,399-VI-00009
5f0f4453f1cdbf68d09aa3fb,057-CO-00024
618e71596abee66874eb752d,578-VI-00004
5eb4e875da6da3b502da8593,136-VI-00003
5efb7092f1cdbf68d0b33c43,062-VI-00008
5f5512fb06158f011e1e30fe,156-PR-00210
60e742a386f54aa214e8498d,200-PR-02589
5eb4e9d5da6da3b502daf129,219-VI-00032
5eb4ea5dda6da3b502db101f,123-PR-00016
5ee9010ef1cdbf68d0eda1f4,377-VI-00004
5eb4e845da6da3b502da6ff6,100-VI-00012
5f5512dd06158f011e1e2ea2,143-PR-00088
5ee50e0bf1cdbf68d0bf28e8,480-PR-00260
5faa6c5c205391c03b5de759,646-PR-00959
5f0b4301f1cdbf68d06a842d,101-VI-00017
5f133324f1cdbf68d0d2bbaa,431-PR-00481
5eb4eb15da6da3b502db362d,325-VI-00044
61a4e1bf21f9a393b31d2335,186-VI-00195
5ec8354d21581078294c909a,411-VI-00001
60e741de86f54aa214e7b805,001-CO-00519
5f5500d506158f011e1bca97,046-AA-00122
5eb4e8abda6da3b502da9b03,142-VI-00003
61361ed9786f7f0df67c25c5,068-AA-00003
5f8999c985445785cc55c0ef,192-CO-00060
5fee41789e8b013f26914a5c,565-VI-00010
5fee361f9e8b013f26905bf4,475-VI-00005
5f6c262106158f011ed9a061,204-VI-00020
5f2059bb3a620227c4d10a00,033-VI-00027
5eb4e953da6da3b502dad041,194-VI-00026
5fee58a19e8b013f2692e3fc,703-VI-00003
5ebc2c00da6da3b502300d8b,140-VI-00064
5ec023302158107829df3183,311-PR-00427
5eb4e9abda6da3b502dae737,212-VI-00035
5ee50ea6f1cdbf68d0bf35cf,532-VI-00033
5fee5b1f9e8b013f2693065c,991-PR-00961
5eb4e8cfda6da3b502daa81b,160-VI-00005
5f99963e85445785cced4bff,679-PR-00760
5f0405fbf1cdbf68d01435f9,156-VI-00007
609408b4b5ef6a0c9849de5d,658-CO-00673
5efb7097f1cdbf68d0b33d05,075-VI-00003
5eb4e8f5da6da3b502dab4f6,168-VI-00012
5eb4eb13da6da3b502db35d8,315-VI-00001
5f74ef7606158f011e1c086f,444-CO-00179
5eb4e87fda6da3b502da89e0,137-VI-00006
5f09f573f1cdbf68d05db2f9,230-AA-00004
5fee31c99e8b013f269005bc,058-PR-02156
5f22feda06158f011e88b80a,149-VI-00007
5f1b1747f1cdbf68d03185f7,168-VI-00005
5eb4e860da6da3b502da7cd4,118-VI-00009
5f3f5e8506158f011ef948e6,325-VI-00043
5eb4e998da6da3b502dae24f,204-VI-00023
5f5513dd06158f011e1e4499,769-PR-00717
5eb4e857da6da3b502da7892,112-VI-00014
5f89587c85445785cc4db82d,175-AA-00004
5ec2c4512158107829fde725,163-VI-00023
5eb4e913da6da3b502dabe67,188-VI-00004
5f8d12f585445785cc89fac9,631-VI-00029
5ee3bd64f1cdbf68d0af3c27,431-PR-00066
5fee40e29e8b013f26913dde,241-PR-00904
60e7423986f54aa214e7f9ca,173-EE-00146
5eb4e8a0da6da3b502da96b9,140-VI-00032
5efb752df1cdbf68d0b3bf9b,398-VI-00011
5ecfc363215810782994efd4,033-VI-00021
5eb4e9c0da6da3b502daec7d,216-VI-00041
5f55134806158f011e1e37a3,324-PR-00621
5ee900d6f1cdbf68d0ed9d9f,268-VI-00003
5eb4e903da6da3b502dab995,173-VI-00011
607edadeb5ef6a0c984f3ddd,1083-VI-00005
5f04b0d9f1cdbf68d01a2e2f,058-PR-00530
5ef4e56cf1cdbf68d06eb72c,582-VI-00029
5f25aa4706158f011e9f44b9,494-VI-00002
5eb4ea7ada6da3b502db161e,235-VI-00019
5efa2763f1cdbf68d0a53da7,212-PR-00542
5f2c39e006158f011eeb8b86,057-VI-00006
5f5500c206158f011e1bc68c,045-VI-00164
5ef23bd9f1cdbf68d056c585,274-AA-00002
60a692f3c06b49dd3f693832,1113-EE-00196
5f04ad98f1cdbf68d019588e,299-VI-00006
5f0f4468f1cdbf68d09aa56f,326-CO-00051
5eb4eb14da6da3b502db3607,325-VI-00011
5f3f510006158f011ef5fed6,175-AA-00003
62a0bb95206f25fb6b3028d9,475-VI-00003
5fef9eff9e8b013f26ad0be9,655-PR-02149
5f08aa82f1cdbf68d04efed8,239-VI-00008
5f3f626106158f011efa1ba2,602-PR-00270
5f1d12c33a620227c4b83874,585-PR-00710
5f23049106158f011e8a3f45,173-PR-00142
5f20673f3a620227c4d3740b,514-VI-00005
5eb4e9adda6da3b502dae7c7,215-VI-00048
5eb4e823da6da3b502da5ecd,070-VI-00009
5ebc302dda6da3b50230c391,430-VI-00001
5f0deb92f1cdbf68d08a07ef,194-PR-00403
5f683b6706158f011eaf53bb,001-PR-00679
5fee3e6b9e8b013f26910787,209-PR-02721
5eb4e8dcda6da3b502daacb6,163-VI-00021
5eb4e83dda6da3b502da6bd5,089-VI-00002
5fee584c9e8b013f2692dfa8,686-VI-00001
5eb4e964da6da3b502dad4eb,198-VI-00017
5f3f366b06158f011ef28676,045-VI-00151
5ed14d162158107829ad9b8c,314-VI-00001
5eea51edf1cdbf68d0fcb9c7,238-VI-00044
5eb4e8a1da6da3b502da96e6,140-VI-00056
5eb4e7c7da6da3b502da35c3,032-VI-00012
5fee5c329e8b013f269319b5,831-VI-00005
5f58005306158f011e4cf38a,398-VI-00001
5eb4e861da6da3b502da7d17,125-VI-00015
5f06af6ef1cdbf68d03024cf,111-PR-00712
5eb4e8c2da6da3b502daa3a1,158-VI-00015
5eb4e84fda6da3b502da7465,109-VI-00037
5ececc442158107829866ec5,140-VI-00095
5eb4ea21da6da3b502db02ec,225-VI-00030
5fee29869e8b013f268f4997,419-VI-00075
5f113c08f1cdbf68d0b17627,192-CO-00227
5fee4a609e8b013f2691f1b9,593-VI-00012
5ef238f9f1cdbf68d0566853,212-VI-00060
5eb4ea90da6da3b502db1ad0,243-VI-00007
5eb4e913da6da3b502dabe7b,188-VI-00013
5eb4e8c1da6da3b502daa38f,158-VI-00004
5f132abaf1cdbf68d0d1cba8,036-VI-00055
5f8d0d1485445785cc863c2e,163-VI-00024
5eb4ea90da6da3b502db1aa8,240-AA-00003
5ec5809f215810782922d879,047-VI-00042
5ef63497f1cdbf68d07b1da2,439-VI-00008
5f0f4078f1cdbf68d09a59e8,077-PR-00443
61700bc76e54bb62e7021b64,477-PR-03376
5f2c4a3606158f011eee2c22,239-DC-00028
5f5512dc06158f011e1e2e8b,143-PR-00081
5eb5944eda6da3b502e512cc,160-VI-00027
6090075eb5ef6a0c98f5698c,277-VI-00015
5fef77539e8b013f26aa67e6,118-VI-00012
5fee4b8e9e8b013f2692061a,600-VI-00015
5eced26121581078298786aa,239-VI-00015
5f8d14ba85445785cc8a1c93,326-PR-00588
5eb4eb2ada6da3b502db3a83,326-VI-00011
5f5519d306158f011e1ec9e6,491-EE-00042
5eb4e943da6da3b502dacc2b,194-VI-00022
5eb4e88ada6da3b502da8e3a,139-VI-00039
5ec832c721581078294c4ae4,253-VI-00022
5ed9d829f1cdbf68d0250a34,150-EE-00001
5fee58559e8b013f2692e027,686-VI-00003
60e7417f86f54aa214e77ded,581-VI-00013
6090118fb5ef6a0c98f7348a,769-PR-02842
5ec8321d21581078294c340e,175-VI-00016
5f76ccef06158f011e36e5e2,293-VI-00014
5f99612885445785cce9f594,255-VI-00012
5ee3bce1f1cdbf68d0af3158,427-VI-00021
5f18720bf1cdbf68d01041cc,068-AA-00001
5eb6e488da6da3b502f37335,075-VI-00004
5fee00d09e8b013f268b130a,149-VI-00011
5ef4e445f1cdbf68d06e9f21,336-PR-00367
5f3f52dc06158f011ef65433,193-VI-00014
5faa55cc205391c03b5ca8c5,112-PR-02085
603b9f5b9e8b013f26f607b2,329-VI-00018
5eb4ea65da6da3b502db11a5,232-VI-00026
607eebbdb5ef6a0c9854ad2d,758-PR-00992
61700bd46e54bb62e702b62e,1044-PR-02079
5eb4e860da6da3b502da7cdc,121-VI-00002
5f89933785445785cc55435e,823-PR-02004
5fee51fc9e8b013f2692745a,474-PR-02110
5eb4e860da6da3b502da7cca,118-VI-00005
5f25a07206158f011e9d79bb,107-VI-00004
5ee65f7df1cdbf68d0cea95e,399-PR-00576
5f898b8e85445785cc536ba0,341-PR-00796
5f6d844e06158f011ee3d456,386-PR-02052
5f3f555306158f011ef6c6a1,200-VI-00019
5f5519b506158f011e1ec7ba,337-CO-00123
5ed155612158107829ae2aa4,335-EE-00003
5ec01fb62158107829de7467,131-VI-00041
5f19cfdff1cdbf68d020c5d9,475-VI-00005
5f55112c06158f011e1e0899,441-VI-00017
5f3f627506158f011efa1f64,843-PR-00897
5eb4eb3bda6da3b502db3dc6,173-PR-00142
5eb4eafada6da3b502db30d0,280-VI-00015
5f11e408f1cdbf68d0c3096a,429-VI-00011
5eb4e9aada6da3b502dae6f4,212-VI-00007
5f899a3485445785cc55c8fe,208-CO-00300
5eb4e7e5da6da3b502da3a8a,036-VI-00034
5f5513b106158f011e1e4121,431-PR-00175
5f244ea406158f011e949ab0,064-VI-00001
5f3f33c106158f011ef25fc1,038-VI-00121
5f7fa1bc06158f011ea04e4a,565-VI-00011
5f3f36b406158f011ef28cba,046-VI-00109
5f040d80f1cdbf68d015acd3,628-VI-00016
61140d4a786f7f0df682b372,664-PR-02196
5eef95f0f1cdbf68d0377c03,200-VI-00077
6101eff586f54aa214a4a534,305-VI-00001
5f5f95da06158f011e407a33,109-VI-00017
5eb4e943da6da3b502dacc27,194-VI-00018
5eb4e84fda6da3b502da746d,111-VI-00003
5eb4eb59da6da3b502db43b5,403-VI-00001
5eea4e9df1cdbf68d0fc59c6,112-VI-00012
5eb4e87fda6da3b502da89e2,137-VI-00007
5eb4e81bda6da3b502da5a75,062-VI-00006
5ede7163f1cdbf68d05883d2,168-VI-00050
5ec583062158107829232b8e,149-VI-00004
5eb4e7c1da6da3b502da3597,001-VI-00004
5f5513cb06158f011e1e432f,592-PR-00238
5ebc2dbdda6da3b502304b3e,221-VI-00045
5f996f7585445785cceaea0d,057-PR-00911
5f1873b9f1cdbf68d0107d80,172-VI-00007
62060ad7d4bdad853fb3036c,1266-PR-03484
5f8feb5785445785ccc344ea,442-PR-02001
5eb4e814da6da3b502da55dc,058-VI-00025
5f3f6dc706158f011efbedfc,747-VI-00001
61547255786f7f0df6e91180,812-VI-00013
5eb4e7e7da6da3b502da3afd,039-VI-00011
61700bd06e54bb62e7028a8d,166-VI-00014
5eb4e8c1da6da3b502daa386,153-VI-00002
5eda4cd9f1cdbf68d02c5744,048-VI-00061
5f3f61e906158f011efa0331,314-PR-00818
5eb4e7c1da6da3b502da3599,001-VI-00006
5f04a275f1cdbf68d018cc33,107-VI-00002
5eb4e846da6da3b502da700c,101-VI-00003
5f5517de06158f011e1e9ef5,991-VI-00004
5eee4746f1cdbf68d028935c,327-VI-00004
5f7df0fc06158f011e7d3e19,660-VI-00001
5fef88759e8b013f26abe411,297-VI-00002
5eb4e7c2da6da3b502da359d,001-VI-00008
5f075129f1cdbf68d03b177b,113-VI-00001
5f3f36c506158f011ef28dda,046-VI-00158
6125c1e6786f7f0df674d6d3,743-PR-00949
5eb4e814da6da3b502da55a5,057-VI-00026
5ef439aff1cdbf68d0667eaa,172-VI-00004
6160c419dbd480e4a9c511bf,548-VI-00003
5ef2397af1cdbf68d0567fb0,216-VI-00102
5fee5e1f9e8b013f269336fe,980-VI-00001
5fee52c59e8b013f26928164,646-VI-00012
5f3f5e3506158f011ef936c4,307-VI-00029
60e742b786f54aa214e859bf,301-PR-03140
5f0405e4f1cdbf68d0142f76,131-VI-00034
5eb4ea36da6da3b502db0782,227-VI-00047
5eb4eb2bda6da3b502db3ab2,336-VI-00004
5eb4ea8fda6da3b502db1a7e,238-VI-00006
5f3f626306158f011efa1c01,632-PR-00625
5fee32ce9e8b013f26901a56,070-PR-00893
5eb4e9e8da6da3b502daf58a,221-VI-00012
60e741bb86f54aa214e79f6c,660-VI-00008
5f09f6fbf1cdbf68d05dd5a6,475-VI-00004
603ba4019e8b013f26f73ca5,076-CO-00120
607ee707b5ef6a0c98539254,1113-EE-00195
5f99486385445785cce80a37,189-VI-00196
5eb4e922da6da3b502dac2ac,189-VI-00189
5eb4ea22da6da3b502db0323,227-VI-00008
5eb4e7e9da6da3b502da3b3b,042-VI-00002
5ecfc8c8215810782995a124,400-VI-00001
5eb4e9abda6da3b502dae755,212-VI-00049
61b9935e21f9a393b3bd4061,350-VI-00005
5eb4e8a0da6da3b502da96d8,140-VI-00046
5f06af6bf1cdbf68d03024a0,058-PR-00362
5eb4e9e8da6da3b502daf569,219-VI-00056
5f68298206158f011ead2baa,058-VI-00087
60fb55e386f54aa214543fe6,339-VI-00018
5f74270406158f011e176c31,673-AA-00001
5f3f6dc006158f011efbed65,679-VI-00001
5f3f4fba06158f011ef5bd13,158-VI-00054
607ee475b5ef6a0c9852f5c2,686-VI-00011
5ef62e0ef1cdbf68d07a6279,040-VI-00004
5ef631c1f1cdbf68d07ad513,216-AA-00010
5fee3d2e9e8b013f2690f0e0,188-PR-02657
5ec01fa02158107829de6fd6,112-AA-00002
5f24584406158f011e966524,415-VI-00004
5eb4e8f5da6da3b502dab4d0,166-VI-00003
5eb4e83dda6da3b502da6bb2,088-AA-00002
5eb4e8cfda6da3b502daa827,160-VI-00009
5efcc368f1cdbf68d0c14532,163-VI-00024
5eb4eaa7da6da3b502db1f82,247-VI-00016
5f2b4ba206158f011ed86146,412-VI-00002
60a69476c06b49dd3f69aa4e,001-HV-00080
5ef4df72f1cdbf68d06e2116,224-VI-00016
5ec5852921581078292398c7,239-VI-00003
5eb4e80eda6da3b502da518d,057-VI-00007
5eb4e976da6da3b502dad937,199-VI-00021
5ec8326d21581078294c3f5b,205-VI-00004
611d321f786f7f0df6636f48,412-VI-00015
5f148660f1cdbf68d0e27e16,403-VI-00011
607edac4b5ef6a0c984f3430,1065-VI-00001
5eb4e922da6da3b502dac2bb,189-VI-00198
5f3f5e1806158f011ef9303e,281-VI-00017
5f187269f1cdbf68d010524b,098-VI-00036
5fef90179e8b013f26ac5898,058-PR-02580
60e742ed86f54aa214e8850f,653-PR-03100
5ee2534cf1cdbf68d09affd6,408-VI-00001
5eb4ebc9da6da3b502db5909,439-VI-00022
5eb4ea36da6da3b502db0798,227-VI-00057
61a8702921f9a393b392c7fc,837-AA-00010
60e742d986f54aa214e872df,453-PR-03161
5eb4e802da6da3b502da48c9,047-VI-00019
5fee5d1f9e8b013f26932812,850-VI-00001
5ee50ea9f1cdbf68d0bf3618,580-VI-00003
5fedf9cf9e8b013f26899ddb,083-VI-00006
5f5513d306158f011e1e43c4,658-PR-00734
61f2440921f9a393b3fc203b,145-VI-00011
5fee66779e8b013f2693b61a,439-CO-00285
5eb4ecbeda6da3b502dbac8a,578-VI-00001
5eb4eaa7da6da3b502db1f6b,247-VI-00005
60e73e5486f54aa214e59558,145-VI-00001
60e7428b86f54aa214e838c1,143-PR-02663
5eb4ea65da6da3b502db11ab,232-VI-00029
60e7418e86f54aa214e786de,593-VI-00019
607ee8bab5ef6a0c9853f1d5,1044-PR-02078
618e71726abee66874ebffee,071-PR-03460
5eb4ea7ada6da3b502db1624,236-VI-00004
5ec831c721581078294c2693,167-VI-00011
61140d34786f7f0df6816f13,1096-VI-00002
5f99b3d385445785ccf33583,752-VI-00004
5f63153f06158f011e762f00,491-EE-00041
5f8d115f85445785cc89e1fa,628-VI-00003
5ed9d364f1cdbf68d0246070,139-VI-00096
5eb4e943da6da3b502dacc1a,194-VI-00010
5eb4eb43da6da3b502db3f54,388-VI-00001
61113b16786f7f0df60ce7bf,127-VI-00008
5fee12f59e8b013f268ce871,228-AA-00001
61547207786f7f0df6e3550e,346-PR-02306
5ed884502158107829f9ce37,169-VI-00051
5fee2f3e9e8b013f268fcb27,476-VI-00002
603b9f269e8b013f26f5f7ab,339-VI-00006
5f0408adf1cdbf68d014df27,224-VI-00070
5eee4223f1cdbf68d027f520,047-VI-00098
5eb4e83dda6da3b502da6bd3,089-AA-00003
5fee471d9e8b013f2691b832,330-PR-02457
5fee0eff9e8b013f268c944c,220-VI-00050
5eb4eb2bda6da3b502db3abf,337-VI-00002
62625339755cba02e5158c7a,1266-PR-03486
5f26fcdd06158f011ea7f326,410-VI-00001
5eea5499f1cdbf68d0fcef3a,644-VI-00006
625f3e67755cba02e57a5ee7,842-VI-00008
5eb4eb42da6da3b502db3f2a,377-VI-00004
5f3f5aa006158f011ef85903,237-AA-00005
5f20602c3a620227c4d27989,400-PR-00513
5f5b6d3406158f011ea370b4,246-AA-00001
5fee58679e8b013f2692e137,686-VI-00008
5f040595f1cdbf68d01414ac,047-VI-00066
6088a651b5ef6a0c98a3ebd9,208-CO-00623
5f5513ba06158f011e1e41d0,442-PR-00460
5ececa8e2158107829860b82,080-VI-00032
5f040908f1cdbf68d014ee75,251-VI-00018
5eb4eb6fda6da3b502db47fc,416-VI-00001
60e7428186f54aa214e82daf,127-PR-03004
5eb4eafbda6da3b502db310c,290-VI-00002
5ef43f41f1cdbf68d0670122,462-VI-00013
607ee38db5ef6a0c9852ae2a,514-VI-00010
60e742ac86f54aa214e850c4,245-PR-02636
5f13331bf1cdbf68d0d2bb2c,386-PR-00212
5fedfa6b9e8b013f2689b46c,1004-VI-00001
5f04b00bf1cdbf68d019fb14,434-VI-00011
5eb4e7e7da6da3b502da3ae7,039-VI-00001
5eb4e9e8da6da3b502daf56b,219-VI-00057
6176c1046e54bb62e7c993c2,123-PR-03457
5f58004006158f011e4cf107,350-VI-00001
5f5512fe06158f011e1e3136,166-PR-00393
5f21b83706158f011e818ec2,327-CO-00316
5f81044485445785ccdec1d0,442-PR-02129
5eb4e80eda6da3b502da5111,056-AA-00002
5efcc60af1cdbf68d0c19bfb,056-CO-00013
5faa74a4205391c03b5e5c77,616-VI-00001
5f0caed4f1cdbf68d0791ef7,341-VI-00006
5eb4e822da6da3b502da5e89,068-VI-00001
5eb4e923da6da3b502dac2ed,190-VI-00021
5eced4e9215810782987ed56,307-VI-00027
5f1b1bdef1cdbf68d031f1da,058-PR-00635
5eb4e83dda6da3b502da6be3,098-AA-00001
5ebc2b7cda6da3b5022ff6f7,075-VI-00007
5f06b1d9f1cdbf68d0306a1a,421-VI-00009
5f3f687e06158f011efb3dd2,465-VI-00001
5f3f627d06158f011efa20ee,462-HV-00046
5ee24fa2f1cdbf68d09a8d5d,080-VI-00035
5fee59ee9e8b013f2692f544,738-VI-00002
6160c3f9dbd480e4a9c493a3,195-PR-02498
5ecec8ce2158107829857ee7,045-VI-00095
5ee3b72cf1cdbf68d0ae7e6a,058-VI-00023
607eec1fb5ef6a0c9854c249,095-DC-00013
5eb4ecbeda6da3b502dbac79,577-VI-00008
5eced5ed21581078298817a7,411-VI-00002
5f04a6c8f1cdbf68d0190374,215-VI-00021
5ec583082158107829232ba7,150-VI-00005
5eb4e9c0da6da3b502daec96,216-VI-00054
5f55131e06158f011e1e33d0,221-PR-00514
5f550dd106158f011e1db0f0,253-AA-00002
607ee73bb5ef6a0c98539e0e,439-EE-00068
5ed537752158107829d8073f,047-VI-00066
5f1d100d3a620227c4b7982b,194-VI-00007
5eb4ec62da6da3b502db8d07,511-VI-00021
5ef43b38f1cdbf68d066a2bb,224-VI-00015
5eb4ea36da6da3b502db0774,227-VI-00039
5ee3b9d6f1cdbf68d0aee357,199-VI-00066
5ed9d782f1cdbf68d024eb9e,341-PR-00294
5f5513be06158f011e1e4220,461-PR-00326
607eea86b5ef6a0c985464fc,354-PR-03092
5f3f6ad406158f011efb8d8d,393-EE-00061
607ee3a7b5ef6a0c9852b6b9,514-VI-00009
5eb4e923da6da3b502dac2f1,190-VI-00023
60e7420286f54aa214e7d019,200-CO-00735
5eb4e823da6da3b502da5ed1,070-VI-00011
5f040934f1cdbf68d014f5db,304-VI-00005
5faa2a64205391c03b594099,176-AA-00004
5ee66061f1cdbf68d0cebb30,562-VI-00005
5ed887572158107829fa5aef,260-VI-00008
5f55130806158f011e1e3211,185-PR-00451
5eb4ebfbda6da3b502db622f,450-VI-00001
5f649bab06158f011e8d3d70,208-PR-02010
5edfc32cf1cdbf68d067b01a,136-VI-00037
60e741d186f54aa214e7adfe,831-VI-00017
5f66f1b206158f011ea4f6f5,752-VI-00011
5eb4e8f5da6da3b502dab4f4,168-VI-00012
5ed29b812158107829bf7d03,457-VI-00009
5eb4e9fbda6da3b502dafa1b,222-VI-00030
5eb4e9abda6da3b502dae74d,212-VI-00045
5eea52a5f1cdbf68d0fcc8ee,268-VI-00006
5f1b1a48f1cdbf68d031d20a,230-VI-00076
5fee29659e8b013f268f4679,419-VI-00067
5eb4e8f7da6da3b502dab57d,173-VI-00001
5faa607d205391c03b5d43d8,426-VI-00003
6088acfdb5ef6a0c98a4f20d,823-PR-02899
5eb4e846da6da3b502da701e,101-VI-00011
5efe84d9f1cdbf68d0dad316,130-VI-00010
5f2b527906158f011ed90f9d,399-CO-00126
5f1335eff1cdbf68d0d2f16a,842-VI-00004
5f3f671b06158f011efb0206,441-VI-00019
61a9c23321f9a393b3489535,556-PR-02477
5efa234ef1cdbf68d0a4c980,188-VI-00039
5f040d92f1cdbf68d015af05,831-VI-00003
5f5513d506158f011e1e43ef,679-PR-00446
5f3f509806158f011ef5eb71,163-AA-00003
5ed9d68cf1cdbf68d024cac6,253-VI-00027
5f5519bf06158f011e1ec87c,429-CO-00338
5eee4321f1cdbf68d02824a3,126-VI-00014
5ed9d402f1cdbf68d0247bd3,167-VI-00005
5eb4ebfcda6da3b502db6248,457-VI-00004
5f04a275f1cdbf68d018cc31,107-VI-00002
5eb4ea8fda6da3b502db1a94,238-VI-00053
5f1b1c0df1cdbf68d031f514,143-PR-00186
610b1f70786f7f0df61b5b2a,123-PR-00919
5f040b8ff1cdbf68d01563a9,412-VI-00010
5eb4e83dda6da3b502da6bc0,088-VI-00009
5f3f63b506158f011efa5fcd,399-VI-00019
5ebadc51da6da3b50220ed21,225-VI-00032
5f898f6985445785cc550335,431-PR-00056
61b9933a21f9a393b3ba47eb,477-PR-03378
5ec832cd21581078294c4b69,281-VI-00005
60fb55d086f54aa21453ecd7,145-VI-00006
5f21b24f06158f011e80cf2e,298-VI-00001
5eb4e814da6da3b502da55d4,058-VI-00019
5faa646e205391c03b5d79f4,399-PR-00939
5f5b6d8a06158f011ea37f53,253-VI-00033
5f187de1f1cdbf68d0116047,579-VI-00003
5fef739c9e8b013f26aa194a,070-AA-00001
5eb4e922da6da3b502dac2bd,190-VI-00015
6149f229786f7f0df6107ff2,068-VI-00040
5f3f4b6206158f011ef4b931,077-VI-00018
5eb6e8dcda6da3b502f44ed9,441-VI-00006
5ed295f32158107829bebf01,160-VI-00086
5eb4e860da6da3b502da7cb9,115-VI-00005
5eb4e9d4da6da3b502daf0db,217-VI-00003
5eb4e84fda6da3b502da7443,109-VI-00005
5eb4ea63da6da3b502db1134,230-VI-00033
5f5513b206158f011e1e412f,431-PR-00266
5f18777df1cdbf68d010e0f0,204-PR-00555
5f5513b206158f011e1e4129,431-PR-00177
60a68f9cc06b49dd3f67b976,235-AA-00002
5efe8d50f1cdbf68d0db5f94,621-VI-00002
61700bb46e54bb62e700f5ae,145-VI-00005
5ed884cb2158107829f9df56,176-VI-00017
5eb4eb42da6da3b502db3f38,379-VI-00007
5eb4eb12da6da3b502db35ba,308-VI-00003
5eb4eb59da6da3b502db43c1,412-VI-00001
5ed68d182158107829e56539,229-VI-00100
5f19c3f0f1cdbf68d01fb1a5,109-VI-00016
5f5512f706158f011e1e30b7,150-PR-00592
5fee40a19e8b013f269138f5,233-PR-02140
5eb4e86bda6da3b502da8138,126-VI-00010
5f244e9906158f011e949778,060-AA-00002
5f1d0e043a620227c4b6ff8b,033-VI-00034
5eb4eb2ada6da3b502db3a85,329-VI-00001
5eb4ea7ada6da3b502db1626,236-VI-00005
5ec582ff2158107829232b34,140-VI-00088
5f3f4cad06158f011ef508f2,083-VI-00003
5eb4e86bda6da3b502da8150,131-VI-00007
5eb6e831da6da3b502f4304a,335-VI-00002
60e73dee86f54aa214e55567,115-VI-00072
5ee8fc3af1cdbf68d0ed0e83,047-VI-00095
5fee45699e8b013f26919554,299-PR-00930
5eb4e9c0da6da3b502daec86,216-VI-00046
5ef8d0aff1cdbf68d095d625,112-VI-00039
60900216b5ef6a0c98f3e383,118-VI-00012
60e742d686f54aa214e8701d,433-PR-03218
607edb88b5ef6a0c984f84f3,126-VI-00040
60e7420d86f54aa214e7d800,259-CO-00777
5f040b9df1cdbf68d015661c,246-PR-00044
5f54ffd806158f011e1b816b,039-VI-00114
5f55112c06158f011e1e0892,441-VI-00017
5ebea2de2158107829cdec38,314-VI-00002
5eb4eb11da6da3b502db3581,307-VI-00004
5ef0eb28f1cdbf68d046ff53,080-PR-00422
5f040d3cf1cdbf68d015a3ad,582-VI-00028
5f3f61e906158f011efa0326,314-PR-00672
60e742f886f54aa214e88ed6,823-PR-03089
5f299cc106158f011ec41f52,200-PR-00847
5eecf83bf1cdbf68d018b6f5,644-VI-00029
5f3f4b7606158f011ef4beff,080-VI-00032
5eb4e7c4da6da3b502da35a2,001-VI-00010
60e741dd86f54aa214e7b7a8,988-VI-00001
5eb4e834da6da3b502da6770,075-VI-00001
5eb4ec2eda6da3b502db7885,478-VI-00001
5f26f32406158f011ea6606c,106-VI-00002
5f5fb6be06158f011e43aed1,823-PR-00963
5ef43a98f1cdbf68d0669484,205-VI-00002
5f2b527c06158f011ed90fda,444-CO-00180
5ecfc44d2158107829952440,131-VI-00016
5ee50e06f1cdbf68d0bf288f,311-PR-00411
5ec2c6302158107829fe60c9,240-AA-00008
603ba9c29e8b013f26f879d7,474-PR-00214
5eb4ea20da6da3b502db02b5,224-VI-00006
60e73ddc86f54aa214e54ac0,111-VI-00010
5eb4e80dda6da3b502da5107,050-VI-00001
5eb4e7c4da6da3b502da35a5,001-VI-00012
5eb4eae5da6da3b502db2c67,274-VI-00003
60fb55de86f54aa214542b47,105-VI-00010
603b9af69e8b013f26f10a5e,167-VI-00004
5eb4e7f5da6da3b502da3fc0,044-VI-00013
5fee41489e8b013f2691469c,562-VI-00016
5eef99bdf1cdbf68d037d119,193-PR-00178
5eb4e834da6da3b502da6796,080-VI-00011
5eecf734f1cdbf68d0189f45,418-VI-00004
5f5519a506158f011e1ec686,215-CO-00374
60e742d486f54aa214e86e30,431-PR-02406
5efcc2a7f1cdbf68d0c126c4,136-VI-00079
6149f244786f7f0df612d6fa,727-PR-03328
5f3f626706158f011efa1ce1,658-PR-00505
5eb4eb13da6da3b502db35d4,311-VI-00004
5eb4e7e9da6da3b502da3b3f,042-VI-00003
5fedffa09e8b013f268aed89,139-VI-00116
5eb4eb42da6da3b502db3f28,350-VI-00001
5f0408d3f1cdbf68d014e5a3,229-VI-00081
5eced265215810782987877d,240-AA-00013
5f3f671a06158f011efb01e2,441-VI-00018
5f5503c506158f011e1c52e0,126-VI-00009
5eb4e82bda6da3b502da6343,071-VI-00001
625fd7b8755cba02e5b68d8f,1314-VI-00003
5eb4ea66da6da3b502db11cf,232-VI-00048
5fee30ac9e8b013f268feae0,001-PR-02460
60e7414586f54aa214e75afb,464-VI-00011
5eb4e875da6da3b502da8587,132-VI-00012
5f5513cb06158f011e1e432a,592-PR-00238
5ececbf42158107829865d72,139-VI-00081
5eb4e8a0da6da3b502da96d6,140-VI-00045
5faa7a6e205391c03b5ea3a2,909-VI-00001
5f06b164f1cdbf68d0305b01,394-VI-00004
5fee1d2b9e8b013f268ddbfd,274-VI-00008
5eb4e953da6da3b502dad06d,194-VI-00064
5eb4ea21da6da3b502db02f0,225-VI-00026
5eb4eb15da6da3b502db361d,325-VI-00045
5f550ddc06158f011e1db1f2,253-VI-00050
5ef43b72f1cdbf68d066a775,237-VI-00036
5faa1ce3205391c03b5775e9,068-VI-00030
5ec585b2215810782923a1da,314-VI-00003
5eb4e913da6da3b502dabe63,188-VI-00002
5f76ccf006158f011e36e5ec,293-VI-00016
5f2c416006158f011eecc998,220-VI-00041
5eb4ebfcda6da3b502db626e,461-VI-00023
5eb4eafcda6da3b502db3120,295-VI-00001
5eb4e82bda6da3b502da634d,073-VI-00003
5f1f0e0f3a620227c4c79ba6,341-PR-00794
5eb4ea39da6da3b502db082f,229-VI-00001
61361e90786f7f0df679444b,110-PR-02127
5f89699685445785cc4f0132,224-VI-00004
5f5513af06158f011e1e40f8,431-PR-00056
5eb4e83dda6da3b502da6bdf,090-VI-00001
5ec2c4242158107829fdb862,150-VI-00011
5eb4eb9cda6da3b502db5089,424-VI-00001
603ba2df9e8b013f26f6fb1b,595-VI-00001
5eb6e488da6da3b502f37333,075-VI-00004
5f08ae8df1cdbf68d04f6fc1,627-VI-00012
5eb4ea90da6da3b502db1ab8,241-VI-00002
5f0deba5f1cdbf68d08a08fb,401-PR-00072
5f57ff7806158f011e4cd324,314-VI-00004
5eb4ea64da6da3b502db11a1,232-VI-00024
61547207786f7f0df6e3552e,346-PR-02306
5f24534c06158f011e95b17c,195-VI-00007
5f5517e806158f011e1e9fbb,083-CO-00388
623974e6d4bdad853fe39765,156-VI-00013
5f65a1ad06158f011e9a6821,541-VI-00006
5ec8326621581078294c3e76,195-VI-00024
5f3f366c06158f011ef28692,045-VI-00159
5f205b293a620227c4d16415,125-VI-00025
5eb4ea22da6da3b502db0316,227-VI-00002
5f6ae2a706158f011ecff741,428-AA-00428
5eb4e954da6da3b502dad07b,195-VI-00002
5ed68b892158107829e53767,160-VI-00085
607edb10b5ef6a0c984f50e2,1083-VI-00003
5f1d18d23a620227c4b92b49,109-CO-00053
5ebc2c3fda6da3b5023016a7,160-VI-00036
607ee645b5ef6a0c98536371,331-CO-00302
5eb4e84fda6da3b502da743b,109-VI-00001
5eb4ec2eda6da3b502db7890,488-VI-00001
61113b1f786f7f0df60d37a7,674-PR-03239
5eea53f1f1cdbf68d0fce301,203-PR-00198
5eb4e87fda6da3b502da89da,137-VI-00003
5f205afb3a620227c4d1581e,075-AA-00003
5eb4ebabda6da3b502db5354,511-PR-00268
5eb4e9abda6da3b502dae741,212-VI-00039
5eb4e88ada6da3b502da8e4e,139-VI-00053
5eea4f86f1cdbf68d0fc7880,202-VI-00006
5f09f4e4f1cdbf68d05da6fc,216-VI-00109
5f55131606158f011e1e332c,199-PR-00868
607ee80eb5ef6a0c9853cb7a,084-PR-00402
5eb4ea79da6da3b502db15fb,233-VI-00003
5eb4eabcda6da3b502db23ce,253-VI-00005
5eb4e954da6da3b502dad079,195-VI-00001
5f2c404306158f011eec8cc7,212-VI-00057
5f99603a85445785cce9e34b,248-VI-00009
5f113be6f1cdbf68d0b173d6,647-VI-00017
5f57f0da06158f011e4a5e17,045-VI-00165
60900bfdb5ef6a0c98f64e54,943-VI-00001
5f3f672206158f011efb0320,447-VI-00003
5f55131706158f011e1e3338,203-PR-00198
5eb4e7e8da6da3b502da3b1e,040-VI-00015
5eb4ebabda6da3b502db534e,483-PR-00222
619d628c6abee66874765f21,667-PR-02689
5eb4ea64da6da3b502db119d,232-VI-00022
5eb4e86bda6da3b502da8142,138-VI-00011
5eb4e8f5da6da3b502dab502,168-VI-00021
5eb4e858da6da3b502da78af,114-VI-00001
5f3f5e3b06158f011ef93834,582-VI-00031
5eb4ea36da6da3b502db0772,227-VI-00038
5eb4e80eda6da3b502da5161,056-VI-00042
5eb4e8dcda6da3b502daac9b,162-VI-00019
61140d41786f7f0df6822e8b,1052-EE-00239
618e714c6abee66874eb32a3,346-HV-00061
5efa21aaf1cdbf68d0a48dc4,098-VI-00004
5fedfabd9e8b013f2689c049,101-VI-00021
5ebde098da6da3b50249df36,267-VI-00015
5f89901985445785cc550e9f,225-CO-00294
5eb4e9bfda6da3b502daec45,216-VI-00012
5fee5d429e8b013f26932a7f,902-VI-00003
60e7409186f54aa214e6ebbc,295-VI-00012
5eb4e904da6da3b502dab9c7,175-VI-00018
5f550c1b06158f011e1d7c96,230-VI-00081
5eb4e8f5da6da3b502dab4f2,168-VI-00012
5f04090bf1cdbf68d014eee8,253-VI-00019
5eb4e7c6da6da3b502da35bd,001-VI-00020
5fee33b59e8b013f26902be6,081-PR-02192
5ef632cff1cdbf68d07aea84,425-VI-00004
5fee40a89e8b013f26913999,233-PR-02222
5f898d8485445785cc54dfb2,401-PR-00659
5eb4e845da6da3b502da6ffc,100-VI-00016
5f89630685445785cc4e85f0,212-VI-00015
5eb4e80eda6da3b502da5135,056-VI-00019
5f5513b006158f011e1e410b,431-PR-00067
61c6c36521f9a393b362d1ae,1266-PR-03485
5f89622785445785cc4e765b,205-VI-00002
5eeb9fa4f1cdbf68d00a25ee,169-VI-00007
5fee04329e8b013f268b7729,175-VI-00036
5eb4e83dda6da3b502da6bae,089-VI-00003
5f04a701f1cdbf68d0190679,215-VI-00082
5ef238f4f1cdbf68d056676c,205-VI-00006
5fee68429e8b013f2693d0d1,978-CO-00486
5fef90f39e8b013f26ac6397,084-PR-00402
5efb740af1cdbf68d0b3a61a,227-VI-00068
5f74256706158f011e1755d3,541-VI-00010
5eb4e7c9da6da3b502da35f2,032-VI-00024
5eb4eb14da6da3b502db360f,325-VI-00015
5eb4e7eada6da3b502da3b7c,043-VI-00001
5eb4e9c1da6da3b502daecb7,216-VI-00081
5eb4e823da6da3b502da5eb7,070-VI-00026
5f5fbead06158f011e445fd9,239-CO-00327
5fee58fb9e8b013f2692e85f,769-PR-02561
5eb4e8f6da6da3b502dab543,170-VI-00002
5f1873d0f1cdbf68d0107f93,176-AA-00002
603ba31a9e8b013f26f70a5b,686-VI-00009
5eb4ea79da6da3b502db1609,235-VI-00003
5ebade04da6da3b50221400e,150-PR-00189
5efcc5e0f1cdbf68d0c19734,604-VI-00007
5f06a84bf1cdbf68d02f3468,095-VI-00001
5f075a9af1cdbf68d03c519b,421-VI-00017
5eb4eb41da6da3b502db3f13,345-VI-00001
5f3f627c06158f011efa20c4,353-HV-00012
5f5513d706158f011e1e4420,749-PR-00799
5eb4ead1da6da3b502db2838,267-VI-00009
5f8ff25985445785ccc3ee9b,752-VI-00001
5faa5834205391c03b5cd3cf,143-PR-00047
5ed53a9d2158107829d87d32,200-VI-00057
5fedf7fd9e8b013f26894dd9,056-VI-00068
5eb4e988da6da3b502dade01,200-VI-00049
60fb55c686f54aa21453c5a7,581-VI-00010
5f5512a006158f011e1e2946,084-PR-00402
5fee30399e8b013f268fe26e,457-VI-00050
5fee0ef09e8b013f268c933a,220-VI-00052
5fee59739e8b013f2692ef21,842-PR-02132
5eb4ea63da6da3b502db1157,230-VI-00051
60e73fcb86f54aa214e67708,227-VI-00068
5fee26d19e8b013f268f00e2,398-VI-00001
5eb4ebabda6da3b502db5342,431-PR-00126
5f2c44ee06158f011eed69d0,241-PR-00860
5eb4e84fda6da3b502da7469,111-VI-00001
5ec8321e21581078294c342e,176-VI-00015
5ed8866f2158107829fa2ee6,241-PR-00335
5eb4e8f6da6da3b502dab553,171-VI-00002
5ec5831f2158107829232d21,160-VI-00062
5f187e03f1cdbf68d0116290,627-VI-00002
5f2c403f06158f011eec8c20,212-VI-00011
5ebad981da6da3b5022071f6,065-VI-00004
5f19cff2f1cdbf68d020c70d,568-VI-00019
5f55135106158f011e1e3860,377-PR-00218
60e7427986f54aa214e8244d,110-PR-02127
5ef4e56bf1cdbf68d06eb717,582-VI-00010
607eda2fb5ef6a0c984efb6c,093-VI-00021
5ef4e445f1cdbf68d06e9f17,326-PR-00129
5eced04a2158107829872885,222-VI-00086
5eb4e8f4da6da3b502dab4c2,163-VI-00021
5eb4e8c2da6da3b502daa39d,158-VI-00014
5f2b4b2906158f011ed854df,353-VI-00005
5f619f1206158f011e639294,253-VI-00042
5eb4e976da6da3b502dad939,199-VI-00001
61a8706821f9a393b398155d,593-PR-02761
607eec53b5ef6a0c9854cd40,055-HV-00145
5ed8850c2158107829f9e94d,195-VI-00025
611d3212786f7f0df662b992,667-PR-02262
5f245ce506158f011e96f1a6,667-VI-00006
5eb4ea4dda6da3b502db0cb7,229-VI-00052
5f897dd585445785cc50830c,418-VI-00004
5f113900f1cdbf68d0b13d09,345-PR-00401
5eb4ebfbda6da3b502db6222,447-VI-00001
5eb4eb2bda6da3b502db3a98,330-VI-00006
60e73c4486f54aa214e44a0d,001-VI-00005
5f299df206158f011ec44504,457-VI-00044
5eb4e8f6da6da3b502dab55f,171-VI-00009
5ee2519af1cdbf68d09ad4e5,216-VI-00091
5fee39b19e8b013f2690aaab,517-AA-00001
5f76bb9406158f011e359141,101-VI-00016
5f84e11885445785cc0deb53,068-VI-00035
5eb4ebcada6da3b502db5937,445-VI-00002
5ec835c521581078294c9b94,665-VI-00002
5eeba20ff1cdbf68d00a7974,221-VI-00064
5eef9881f1cdbf68d037b8f9,261-VI-00049
5f21abe806158f011e7f5de5,114-VI-00003
5eb4e8f6da6da3b502dab53f,199-VI-00009
5f075829f1cdbf68d03c16d9,221-PR-00489
603b9f619e8b013f26f609b7,339-VI-00007
5eb4eb12da6da3b502db35b4,308-AA-00001
5fee3d2c9e8b013f2690f0a5,188-PR-02654
5eb4eae5da6da3b502db2c6b,276-VI-00003
5fee37679e8b013f2690752a,489-VI-00001
5f113b8df1cdbf68d0b16d3e,588-VI-00001
5f205afb3a620227c4d15811,075-AA-00002
5eb4e834da6da3b502da6792,080-VI-00009
5ec8315221581078294c0cda,159-VI-00007
5ef631e0f1cdbf68d07ad763,225-VI-00063
5f13305af1cdbf68d0d280c6,220-VI-00021
5eb4e834da6da3b502da679c,080-VI-00014
5eb4eb13da6da3b502db35e7,322-VI-00001
5ee50bf4f1cdbf68d0bef85b,294-VI-00003
60e73fcc86f54aa214e67778,227-VI-00077
5eb4e860da6da3b502da7cbb,115-VI-00006
5eb4ea21da6da3b502db02d7,225-VI-00018
5f5512c106158f011e1e2bdb,837-CO-00479
5eea5491f1cdbf68d0fceea8,575-VI-00001
5eb4e912da6da3b502dabe1f,185-VI-00001
5eb4eabcda6da3b502db23ca,253-VI-00003
5eb4e997da6da3b502dae23f,204-VI-00015
5eb4eb12da6da3b502db359f,307-VI-00029
5eb4e83dda6da3b502da6bd1,089-AA-00002
5f09f5a8f1cdbf68d05db7c6,240-VI-00001
5eb4eb11da6da3b502db3563,295-VI-00005
5ec8313f21581078294c0933,130-VI-00005
5eb4e9a9da6da3b502dae6be,209-VI-00001
6090071fb5ef6a0c98f55c83,290-VI-00014
6176c11d6e54bb62e7cb01ac,060-PR-02122
5eb4e8cfda6da3b502daa854,160-VI-00032
5ececb942158107829864a06,136-VI-00055
5f5508d306158f011e1d0cb3,220-AA-00006
5f566a9c06158f011e2f6945,068-VI-00031
61a8703621f9a393b3946f5e,795-VI-00006
5eb4eafbda6da3b502db310a,290-VI-00001
5f2c46d906158f011eedb45d,276-VI-00017
60e7430586f54aa214e899b9,1066-HV-00066
5f76cb5706158f011e36cbb3,253-VI-00030
5eb4e860da6da3b502da7cd2,118-VI-00009
5efe90f6f1cdbf68d0db9880,076-HV-00022
5eb4e9adda6da3b502dae7d0,215-VI-00052
5ebada8dda6da3b502209c43,175-VI-00028
603b9a2a9e8b013f26efb043,138-VI-00003
5eb4e84fda6da3b502da7433,107-VI-00001
5f5519b606158f011e1ec7d1,346-CO-00183
5f187df1f1cdbf68d0116132,620-VI-00001
5eb4ea22da6da3b502db0306,225-VI-00048
5faa1b5b205391c03b570e95,050-VI-00008
5f89845685445785cc50f0de,150-PR-00732
5fee24439e8b013f268ebcd0,339-VI-00002
5f55132506158f011e1e3467,253-PR-00606
5f2c3d4506158f011eec1068,163-VI-00027
5eb4eaa7da6da3b502db1f8c,250-VI-00001
5eef9519f1cdbf68d0376368,155-VI-00001
60e7420a86f54aa214e7d5ae,233-CO-00775
61271355786f7f0df6a78026,1109-VI-00003
61547207786f7f0df6e354ef,346-PR-02306
5eb4ecbeda6da3b502dbac96,582-VI-00002
5ef4e52ff1cdbf68d06eb1a4,546-VI-00001
5efcc23cf1cdbf68d0c11485,109-VI-00040
5f2b3e0d06158f011ed6b43a,045-VI-00144
60e73d7486f54aa214e50a74,068-VI-00034
5eb4ead0da6da3b502db280e,266-AA-00003
5f0dee53f1cdbf68d08a4012,453-CO-00453
5f896c6f85445785cc4f39be,230-AA-00004
5eeb9f82f1cdbf68d00a21e9,140-VI-00052
611d324a786f7f0df664ff71,107-VI-00011
5ef63208f1cdbf68d07adafc,229-VI-00103
607ee543b5ef6a0c9853258b,134-CO-00482
5f2c378206158f011eeb2dee,033-VI-00001
5eb4e896da6da3b502da9282,140-VI-00005
5f72d93a06158f011e0ade70,058-VI-00088
5ee3b7b3f1cdbf68d0ae99c3,110-VI-00001
5f07585cf1cdbf68d03c1bf5,679-PR-00473
5eb4ea90da6da3b502db1aaa,240-AA-00004
5f19c3cbf1cdbf68d01fadbb,077-VI-00003
5eb4e7ccda6da3b502da363f,036-VI-00019
5ec833d921581078294c6b54,431-PR-00177
5eb4e9c1da6da3b502daeca1,216-VI-00062
5f113b37f1cdbf68d0b1671f,439-VI-00043
5f6ae94a06158f011ed04e35,672-CO-00476
5eb4e942da6da3b502dacbe5,193-VI-00023
5fedfc5e9e8b013f2689e5e0,110-VI-00006
5eb4e9e8da6da3b502daf582,221-VI-00005
5eeba4aef1cdbf68d00ab495,400-PR-00314
5f5512b006158f011e1e2a89,142-PR-00398
5f3f510506158f011ef5ff92,175-VI-00018
5ee3ba3ef1cdbf68d0aeee27,251-VI-00010
607eec07b5ef6a0c9854bc51,881-PR-02982
5f0f3812f1cdbf68d0998f21,107-VI-00005
607eebaeb5ef6a0c9854aa04,076-HV-00007
5eb4e814da6da3b502da55d8,058-VI-00021
5eb4e7e8da6da3b502da3b17,040-VI-00011
5fee1c759e8b013f268dc193,261-VI-00073
5f040595f1cdbf68d01414b1,047-VI-00066
5eb4e9acda6da3b502dae769,215-AA-00001
5ee0f797f1cdbf68d0762226,058-PR-00619
5f3f5a1306158f011ef832b0,230-VI-00085
5eb4e912da6da3b502dabe1d,184-VI-00036
5eb4eb42da6da3b502db3f1f,348-VI-00001
5eb4e8f5da6da3b502dab4ea,168-VI-00007
5f0f411cf1cdbf68d09a653a,403-VI-00014
5eb4eafbda6da3b502db3106,290-VI-00001
5f2b527006158f011ed90ef8,200-CO-00130
5eb4e7e5da6da3b502da3a88,036-VI-00033
5eda4ee4f1cdbf68d02ca5e9,190-VI-00077
5eb4eb13da6da3b502db35dc,319-VI-00001
6176c1026e54bb62e7c97330,074-VI-00005
5eb4e860da6da3b502da7cde,122-VI-00001
5f0dee2bf1cdbf68d08a3cab,192-CO-00248
5ebc2df3da6da3b502305c5c,223-VI-00028
60e7429386f54aa214e83e72,169-PR-02594
5eb4eb11da6da3b502db357d,307-VI-00002
5f8d159b85445785cc8a2bcc,823-PR-00963
5f55089d06158f011e1d0485,215-VI-00084
5eb4e8ceda6da3b502daa7f7,159-VI-00001
5f5519b206158f011e1ec789,326-CO-00051
61361eb4786f7f0df67abb83,442-PR-03356
5eb4e9adda6da3b502dae79d,215-VI-00021
5f27002506158f011ea85357,603-VI-00021
5eb4eb59da6da3b502db439b,399-VI-00012
5ebc2cd7da6da3b50230293f,190-VI-00075
5ecfc6df215810782995766c,237-VI-00066
618e715b6abee66874eb7c6f,671-PR-02277
5eb4e81ada6da3b502da5a48,060-VI-00010
6176c11a6e54bb62e7cad959,220-AA-00012
5eb4eb12da6da3b502db35a5,307-VI-00036
5f997db185445785ccebccbc,230-PR-02003
5faa5aa2205391c03b5cf419,185-PR-02234
5f06b0acf1cdbf68d030430d,345-VI-00007
5ef0e651f1cdbf68d04687d5,139-VI-00093
5eb4ea79da6da3b502db1601,234-VI-00001
5eb4ea90da6da3b502db1aae,240-AA-00006
5eb4e9bfda6da3b502daec51,216-VI-00018
5eb59784da6da3b502e5c2e0,415-VI-00002
5eb4eb15da6da3b502db3619,325-VI-00029
5ef23e7df1cdbf68d056feae,192-CO-00060
5fee3e7e9e8b013f26910900,200-PR-00849
5f3f6c5206158f011efbc54c,582-VI-00036
60889eb1b5ef6a0c98a261cb,278-VI-00048
5f3f5e8406158f011ef948b6,325-VI-00040
5efb7896f1cdbf68d0b41363,628-VI-00008
5f66d84d06158f011ea27e40,065-VI-00001
5eb4e9fada6da3b502daf9e4,222-VI-00003
5eb4e82bda6da3b502da6347,071-VI-00004
5eb4ea4fda6da3b502db0d02,230-VI-00021
5f0f403af1cdbf68d09a5576,260-VI-00022
5eb4ec62da6da3b502db8d1c,511-VI-00018
60940cffb5ef6a0c984ac024,431-PR-02412
5fee0ea59e8b013f268c8c40,220-AA-00008
5ee25372f1cdbf68d09b02be,054-PR-00624
5f0f403cf1cdbf68d09a558f,261-VI-00016
5eb4e80eda6da3b502da5141,056-VI-00025
5eb4e8f6da6da3b502dab512,168-VI-00052
5eb4e9bfda6da3b502daec4f,216-VI-00017
5f7df0fe06158f011e7d3e43,660-VI-00003
5f3f4d4c06158f011ef5344f,109-VI-00003
5f2c471706158f011eedbdc3,298-VI-00002
5f5fadd806158f011e430047,253-VI-00044
5ee251f8f1cdbf68d09ade7c,281-VI-00028
5ef4e4b6f1cdbf68d06ea847,403-VI-00003
5f649b8b06158f011e8d3a2f,205-PR-00956
5eb4e83dda6da3b502da6be7,098-VI-00002
5f187de0f1cdbf68d0116036,578-VI-00003
5eb4eb12da6da3b502db3591,307-VI-00012
60e742ba86f54aa214e85c2c,311-PR-03221
5f19c890f1cdbf68d020329a,401-PR-00040
5f0408aaf1cdbf68d014deb5,224-VI-00039
5efb71f3f1cdbf68d0b36bc3,188-VI-00036
5f5513de06158f011e1e44a2,769-PR-00718
5eb4e82bda6da3b502da6321,070-VI-00046
5ec832ce21581078294c4b77,281-VI-00018
5eb4ea79da6da3b502db15f5,397-VI-00001
5f896a9b85445785cc4f13d4,225-VI-00063
60e742d386f54aa214e86d56,429-PR-02593
5eb593f8da6da3b502e50511,138-VI-00024
60e7423786f54aa214e7f7da,1113-EE-00205
5ecfc42a2158107829951dad,125-VI-00023
5ef635c7f1cdbf68d07b34f3,429-PR-00391
5efe8d0cf1cdbf68d0db5bb5,582-VI-00049
5f3f4b4906158f011ef4b218,070-VI-00007
5eb4ec63da6da3b502db8d6c,532-VI-00012
5fee41859e8b013f26914b4b,565-VI-00012
5fedfac09e8b013f2689c07e,101-VI-00022
60fb55d286f54aa21453f3c3,118-VI-00014
5eb4e7e7da6da3b502da3ae9,039-VI-00001
5eb4e81ada6da3b502da5a19,059-VI-00008
5fee00079e8b013f268afb0a,140-VI-00101
5eb4e80eda6da3b502da518f,057-VI-00007
5f76d9ac06158f011e3796bc,811-VI-00004
5f09f0f8f1cdbf68d05d1188,084-VI-00001
5eb4e9a8da6da3b502dae686,206-VI-00005
5ec831c921581078294c26b6,169-VI-00005
5eb4e84fda6da3b502da743d,109-VI-00002
5eb4eb6fda6da3b502db47fa,415-VI-00001
5eb4e8acda6da3b502da9b41,150-VI-00003
5eb4e8dcda6da3b502daac9f,163-VI-00002
5eecf716f1cdbf68d0189d33,058-PR-00617
5eb4e9abda6da3b502dae721,212-VI-00024
5eb4e914da6da3b502dabe8f,188-VI-00024
5eb4e80eda6da3b502da5119,056-VI-00003
612020f8786f7f0df6a36dbd,126-VI-00008
5fee24819e8b013f268ec380,346-AA-00001
5ebad8f6da6da3b502205c51,001-VI-00009
5ebc2b7cda6da3b5022ff6f3,075-VI-00005
5f3f4d9d06158f011ef54669,139-VI-00091
5eb4ea37da6da3b502db07d5,228-VI-00028
5eb4e876da6da3b502da85c0,136-VI-00039
5f5513d606158f011e1e4408,743-PR-00577
5f7df11806158f011e7d3ff4,827-VI-00008
5eb4e889da6da3b502da8e1d,139-VI-00026
5fee0b479e8b013f268c3794,206-VI-00031
5eb4e988da6da3b502dade0b,202-VI-00004
5edfc51cf1cdbf68d067e874,222-VI-00048
5eb4eaa6da6da3b502db1f44,243-VI-00053
5eb4e9adda6da3b502dae7ad,215-VI-00030
5f5513d806158f011e1e442f,749-PR-00947
5f8d13f985445785cc8a0f8b,070-PR-00954
5eb4e834da6da3b502da679a,088-AA-00001
5eb4ea7ada6da3b502db162c,237-AA-00002
5fee549e9e8b013f26929edb,602-PR-00878
5ed888d42158107829fa9ac5,457-AA-00002
5f2c3dd006158f011eec228e,173-VI-00011
5f3f4fbd06158f011ef5bd8e,159-VI-00001
5f23075206158f011e8ac996,412-VI-00002
5eb4e9e8da6da3b502daf587,221-VI-00007
5eb59380da6da3b502e4ec78,068-VI-00027
5f0de68df1cdbf68d0896f9d,175-AA-00004
5f5519a306158f011e1ec65b,208-CO-00428
5eb4e875da6da3b502da85b2,136-VI-00019
60e73dbc86f54aa214e53679,1043-VI-00008
5faa527a205391c03b5c7836,058-PR-02107
5ee7b143f1cdbf68d0de37fd,440-VI-00008
5ef8d54bf1cdbf68d09653c1,667-VI-00005
5ed882e62158107829f9877e,043-VI-00031
5fedf9d19e8b013f26899e10,083-VI-00007
5eb4ea4eda6da3b502db0cd5,229-VI-00066
5f6d8bdd06158f011ee43685,444-CO-00179
5eb4ebcada6da3b502db5917,441-VI-00004
5fee45d49e8b013f26919c8a,319-PR-02121
5eb4e83dda6da3b502da6bcf,089-AA-00001
5f899c8c85445785cc55f286,427-CO-00208
5f21b5db06158f011e814682,403-VI-00015
5f3f4d5406158f011ef535f5,111-VI-00001
607edabeb5ef6a0c984f3285,1004-VI-00002
6160c3e5dbd480e4a9c3dec8,186-VI-00189
618e71586abee66874eb6d5c,673-HV-00068
5faa5a9c205391c03b5cf3d1,185-PR-02133
5fee55999e8b013f2692b1dd,656-VI-00003
5f99711485445785cceb01e0,070-PR-00985
60a691dbc06b49dd3f68d7f8,575-VI-00004
5f040bb2f1cdbf68d01569bb,483-PR-00246
5fee65379e8b013f2693a283,340-CO-00586
609403f0b5ef6a0c9848d78b,562-VI-00013
6268621d8293e58b8f480f09,085-PR-03537
60a69303c06b49dd3f693c6b,346-EE-00110
60e7427686f54aa214e821a7,107-PR-02566
60a68e3ec06b49dd3f66a17f,121-VI-00003
60ff4cdf86f54aa214688916,095-AA-00001
609002a5b5ef6a0c98f4070a,127-VI-00009
5ede7376f1cdbf68d058c91f,554-VI-00002
5eb4e9abda6da3b502dae751,212-VI-00047
5eb4ea0eda6da3b502dafe7e,223-VI-00006
5f55110106158f011e1e046e,427-VI-00014
60b8fc6686f54aa214b78612,565-PR-02249
5eb4e9abda6da3b502dae73f,215-VI-00002
5f172635f1cdbf68d001619d,077-PR-00447
5f898c5885445785cc5434a2,377-PR-00218
6088a758b5ef6a0c98a414eb,1052-EE-00214
5eb4e998da6da3b502dae24d,204-VI-00022
5eecf83ff1cdbf68d018b73f,665-VI-00009
5eb4eafada6da3b502db30da,281-VI-00003
5fee31cb9e8b013f269005d6,058-PR-02186
5eb4e896da6da3b502da927d,140-VI-00003
5eda4d3bf1cdbf68d02c6a14,080-VI-00039
5eb5974bda6da3b502e5b7ce,341-VI-00014
5eb4ecbeda6da3b502dbacbc,595-VI-00001
5f040d7ef1cdbf68d015ac93,621-VI-00015
5efcc5e1f1cdbf68d0c1974a,621-VI-00001
607ee68ab5ef6a0c9853737c,746-CO-00574
5f5517dd06158f011e1e9ee7,978-VI-00001
603ba4bf9e8b013f26f7666b,204-CO-00385
5eb4e8a0da6da3b502da96bb,140-VI-00032
5eb4e7e8da6da3b502da3b10,040-VI-00009
5ed9d2a0f1cdbf68d02434b8,047-VI-00099
5eb4e814da6da3b502da5591,057-VI-00013
5f06b09bf1cdbf68d030418e,345-VI-00009
61361ed4786f7f0df67bfabc,119-PR-03391
5ebc2c96da6da3b50230221e,176-VI-00013
5ee25362f1cdbf68d09b0171,511-VI-00015
5eb4eb25da6da3b502db3991,118-PR-00380
603ba6e99e8b013f26f7dc0f,058-PR-02638
60fca9ee86f54aa2145b1dce,274-PR-03235
5f25a71a06158f011e9edd0d,276-VI-00014
5f8983ad85445785cc50e70b,440-VI-00008
60e7426386f54aa214e81693,084-PR-03210
60e742c286f54aa214e86261,346-PR-02112
5ed68e332158107829e587aa,239-VI-00014
5eb4ebfbda6da3b502db6231,452-VI-00002
5fedf7f39e8b013f26894d22,056-VI-00063
5eb4e9aada6da3b502dae71a,212-VI-00021
60e73c7b86f54aa214e47e68,001-VI-00070
5f5cc4bd06158f011edff78c,070-PR-00891
5eced938215810782988cc73,326-PR-00063
5ec832ca21581078294c4b21,267-VI-00021
5eb4e84fda6da3b502da742d,105-VI-00001
5ebada8dda6da3b502209c56,176-VI-00013
5ed145302158107829acd79c,199-VI-00063
5f55171606158f011e1e8dae,604-VI-00007
5ef8d583f1cdbf68d096578d,585-PR-00710
5ec024722158107829df6cfc,566-VI-00004
5ed883792158107829f9a92b,136-VI-00021
5eb4ebfcda6da3b502db6253,461-VI-00002
5eb4ea79da6da3b502db1603,235-AA-00001
5ee50bbcf1cdbf68d0bef3ab,237-VI-00013
624476c1755cba02e5d62849,339-VI-00036
60e740a886f54aa214e6f8fd,319-VI-00007
5faa798b205391c03b5e99d3,752-VI-00016
603ba8549e8b013f26f82a15,208-PR-02914
607ee9c7b5ef6a0c98543609,233-PR-02922
5eb4e814da6da3b502da559d,057-VI-00017
5eb4e8dcda6da3b502daacb2,163-VI-00012
60ff4cea86f54aa2146889e5,639-PR-03177
5f55082b06158f011e1cf391,194-VI-00035
5ee90019f1cdbf68d0ed8db6,237-VI-00069
5eb594deda6da3b502e525f6,195-VI-00013
5eb4e83dda6da3b502da6bc5,088-VI-00012
5f113b99f1cdbf68d0b16de0,628-VI-00003
5eb4e823da6da3b502da5ebd,070-VI-00002
5eb4e814da6da3b502da55bd,058-VI-00006
607edb06b5ef6a0c984f4ca9,1083-VI-00002
613be2cb786f7f0df6b935ba,1226-EE-00256
5fee6bd99e8b013f269403d7,330-DC-00021
5eb4e976da6da3b502dad943,199-VI-00005
61361ee6786f7f0df67c8431,1226-CO-00845
5eb4e82bda6da3b502da6329,070-VI-00050
5eb4eaa7da6da3b502db1f88,248-VI-00001
5ef78069f1cdbf68d08800a0,194-VI-00086
5eb4e7e7da6da3b502da3af3,039-VI-00006
5fee52809e8b013f26927c29,546-PR-00493
60fb55e186f54aa2145436a2,123-PR-03262
5f55117606158f011e1e0f43,468-VI-00002
5fee3f579e8b013f26911b29,206-PR-02158
5efe8fa1f1cdbf68d0db843b,221-PR-00049
5f5809c206158f011e4e07ab,593-VI-00003
5eb4ec62da6da3b502db8d0d,511-VI-00012
5fee31df9e8b013f269007b5,060-PR-00995
5eb4ead0da6da3b502db2823,266-VI-00009
5eb4ec61da6da3b502db8cec,494-VI-00001
5eb4ea39da6da3b502db083f,229-VI-00011
5f550d7f06158f011e1da6bb,240-AA-00015
5f075b55f1cdbf68d03c62c1,056-CO-00019
60a68e0ac06b49dd3f667370,1083-VI-00013
5ec8328821581078294c431b,219-VI-00065
5efb70c8f1cdbf68d0b34482,098-VI-00012
5eb4ea79da6da3b502db15fd,233-VI-00004
60e741dc86f54aa214e7b647,961-VI-00004
5eb4e942da6da3b502dacbc4,193-VI-00006
5f23019b06158f011e898937,220-VI-00031
5eb4e8cfda6da3b502daa833,160-VI-00014
5f7dedbc06158f011e7d1046,216-AA-00008
5fee30ad9e8b013f268feaf3,001-PR-02460
5eb4e860da6da3b502da7cbd,116-VI-00001
5eb4e846da6da3b502da7020,102-VI-00006
5ef237adf1cdbf68d056240c,188-VI-00038
5eb4e808da6da3b502da4cff,056-VI-00010
5eecf74cf1cdbf68d018a10a,431-PR-00067
5f20618b3a620227c4d2ae77,304-VI-00001
5fee55b99e8b013f2692b416,660-VI-00006
5f8d140485445785cc8a1040,077-PR-00131
5eb4e8a1da6da3b502da96f9,141-VI-00001
5fee5cd09e8b013f269323be,546-HV-00047
60e7414b86f54aa214e75fc8,469-VI-00014
5eee495bf1cdbf68d028bd8d,588-VI-00003
5f9028ee85445785ccc7705a,294-CO-00270
5eb4e823da6da3b502da5ebf,070-VI-00003
5fee5a8e9e8b013f2692fde5,794-VI-00004
5ebade47da6da3b502214b31,346-VI-00002
6149f238786f7f0df611c3d4,085-VI-00001
5f6d865906158f011ee3ed9b,749-PR-02032
5ed5383e2158107829d82b9b,105-VI-00004
5eb4e922da6da3b502dac2aa,190-VI-00002
5f25ad8406158f011e9fa491,667-VI-00007
5fee5ee99e8b013f26934231,058-CO-00565
5eb4e931da6da3b502dac73a,190-VI-00060
5eb4ea20da6da3b502db02bd,225-VI-00001
6149f238786f7f0df611c528,080-HV-00008
60a693bfc06b49dd3f696f62,208-PR-03102
5f244e6f06158f011e94905d,046-VI-00136
5f5fb53206158f011e438dc5,660-VI-00002
5fee6b869e8b013f2693ff2c,196-DC-00019
5fee587d9e8b013f2692e254,688-VI-00005
5ec58cf021581078292472d0,461-VI-00021
5eb4e823da6da3b502da5e9d,068-VI-00014
5eb4e976da6da3b502dad949,199-VI-00012
5f5f95f806158f011e407ec9,125-VI-00028
5eb4e82bda6da3b502da633d,070-VI-00065
60e742c486f54aa214e86406,386-PR-02571
5eb4eabcda6da3b502db23db,253-VI-00009
60a691b7c06b49dd3f68c941,494-VI-00001
5f06b269f1cdbf68d03079bc,631-VI-00033
5eb4e978da6da3b502dad995,199-VI-00061
5ede7367f1cdbf68d058c7dc,439-VI-00012
5f2c452e06158f011eed737b,399-PR-00484
5ed689222158107829e4e402,057-VI-00025
5f5b34eb06158f011e96a717,168-VI-00052
5fee6ada9e8b013f2693f40b,584-EE-00032
5f3f4b4906158f011ef4b22d,070-VI-00008
5ef0e5cff1cdbf68d04674bb,089-VI-00022
5f2300f706158f011e895ad7,199-VI-00079
60e73dc786f54aa214e53ea4,1075-VI-00003
5eb4ec2dda6da3b502db7874,468-VI-00001
5eb4e83dda6da3b502da6bb7,088-AA-00004
5faa55be205391c03b5ca83e,112-PR-01000
5eb4ea39da6da3b502db0849,229-VI-00015
5eb4e987da6da3b502dadde2,200-VI-00036
5eb4eb59da6da3b502db43bd,406-VI-00001
5f5517ea06158f011e1e9fe1,109-CO-00074
60a6943fc06b49dd3f6998ea,608-PR-02015
61d5439921f9a393b32d513f,795-VI-00002
5ed8844f2158107829f9ce35,169-VI-00050
5eb4ebfbda6da3b502db6241,457-AA-00001
5eb4e9beda6da3b502daec2f,216-VI-00002
5f187755f1cdbf68d010dde6,150-PR-00657
5ec832b121581078294c4803,239-VI-00023
5eb4e846da6da3b502da7012,101-VI-00006
5ef8d0a8f1cdbf68d095d559,089-VI-00018
607ee0abb5ef6a0c9851d000,290-VI-00014
5eb4eb2bda6da3b502db3abd,337-VI-00001
61134bd3786f7f0df6569ca8,127-PR-03098
5fee290d9e8b013f268f3f45,419-VI-00041
5eb4e986da6da3b502daddaf,200-VI-00026
5f20603c3a620227c4d27b51,546-PR-00493
5eecf534f1cdbf68d01875bc,266-VI-00011
5f84e42285445785cc0e76a2,112-VI-00044
5faa113c205391c03b54b54f,001-VI-00051
5ef23d06f1cdbf68d056dd87,425-VI-00010
5f55135106158f011e1e386d,341-PR-00796
5eb4e977da6da3b502dad975,199-VI-00039
5eb4e7c9da6da3b502da3603,033-VI-00006
5eced65e2158107829882499,582-VI-00031
5f19c867f1cdbf68d0203082,111-PR-00696
5eb4ecf6da6da3b502dbbd88,663-VI-00002
5eb4e880da6da3b502da89ff,139-VI-00001
5eb4ea4eda6da3b502db0cdf,230-VI-00003
5f06b219f1cdbf68d030730c,464-VI-00008
5eb4e8dcda6da3b502daac79,160-VI-00058
5f25a80506158f011e9ef97a,403-VI-00005
60e7408886f54aa214e6e69d,284-VI-00003
607eebeeb5ef6a0c9854b6ef,593-PR-02190
5ee50be8f1cdbf68d0bef777,261-VI-00033
60a69433c06b49dd3f699547,881-PR-03065
5f5502bf06158f011e1c266d,068-VI-00030
5f5513e406158f011e1e4518,076-HV-00022
5f3f612806158f011ef9db74,143-PR-00124
5f0b435cf1cdbf68d06a91ce,149-VI-00010
615b5582786f7f0df68ac796,166-VI-00013
5eb4ea21da6da3b502db02f6,225-VI-00029
5eb4e8dcda6da3b502daac9d,163-VI-00001
60e741bb86f54aa214e79f99,660-VI-00008
5eb4e88ada6da3b502da8e36,139-VI-00037
611d3218786f7f0df66308fd,127-PR-03107
5eb4e8abda6da3b502da9afe,142-VI-00001
5f2b488806158f011ed80e55,349-PR-00591
5f8998ae85445785cc55acfb,056-CO-00019
5f0f43d9f1cdbf68d09a9b9b,568-VI-00011
5ed885dd2158107829fa1204,222-VI-00072
5ef8d547f1cdbf68d0965381,654-VI-00025
5eb4e858da6da3b502da78b1,114-VI-00002
61547207786f7f0df6e354fc,346-PR-02306
5eb4e9d5da6da3b502daf12f,219-VI-00035
5eb4e7fcda6da3b502da449f,046-VI-00058
5ececa44215810782985f7ff,070-VI-00058
5f5503b606158f011e1c50a6,112-VI-00045
5eb4eb58da6da3b502db4384,393-VI-00007
5eb4e88ada6da3b502da8e38,139-VI-00038
5eb4ea20da6da3b502db02af,223-VI-00027
5ececb0d2158107829862ce9,109-VI-00042
5f3f6be806158f011efbb4e3,542-VI-00001
615b55b2786f7f0df68d7048,831-VI-00016
5ecfc44e2158107829952453,131-VI-00040
5eb4e823da6da3b502da5ef1,070-VI-00027
5eb4e822da6da3b502da5e7d,062-VI-00018
5f68464006158f011eb02ba8,333-CO-00067
60fb55c786f54aa21453c732,591-VI-00006
5f5501e606158f011e1c00ce,059-VI-00004
5f040d7ff1cdbf68d015accc,628-VI-00014
5eb4e943da6da3b502dacc32,194-VI-00025
5f15d7c9f1cdbf68d0f20396,439-VI-00029
5f5513d006158f011e1e4389,646-PR-00516
5efcc632f1cdbf68d0c1a11e,058-PR-00618
5ec5851a21581078292397dd,235-AA-00002
5f0405ccf1cdbf68d014271e,098-VI-00016
612864a1786f7f0df6c9708a,121-VI-00007
5f5517ed06158f011e1ea01f,150-CO-00304
5ee8ff04f1cdbf68d0ed71cb,224-VI-00016
5eb4e83dda6da3b502da6bd7,089-VI-00006
5f58016206158f011e4d158f,595-VI-00001
5eced26121581078298786b0,239-VI-00016
60a68e35c06b49dd3f669b5a,118-VI-00013
5eb4eb9cda6da3b502db508f,425-VI-00008
5f1335f4f1cdbf68d0d2f1ad,324-CO-00138
603baaf99e8b013f26f8b83c,975-PR-02931
60e7420286f54aa214e7cff4,200-CO-00707
5eee422bf1cdbf68d027f628,058-VI-00076
5f3f5ec406158f011ef956d2,397-VI-00007
5ec832d421581078294c4c27,325-VI-00040
5ef43f5af1cdbf68d0670398,627-VI-00004
5eb4ea36da6da3b502db079d,227-VI-00059
5f8105ae85445785ccdede95,639-PR-02030
5ef781caf1cdbf68d08826ea,255-VI-00003
5eb4e943da6da3b502dacc12,194-VI-00001
5eb4e912da6da3b502dabe35,187-VI-00008
5eb4e9acda6da3b502dae76b,215-VI-00001
5fee5bd39e8b013f26931148,811-VI-00006
5f25aa4706158f011e9f44b6,494-VI-00002
607eda32b5ef6a0c984efd5a,1003-VI-00002
60a68e0ac06b49dd3f6673ce,1101-VI-00002
5f5512ac06158f011e1e2a3b,140-PR-00528
607eea69b5ef6a0c98545e5d,354-PR-02579
60900290b5ef6a0c98f40157,126-VI-00049
5efcc5c1f1cdbf68d0c19423,457-VI-00042
61361edc786f7f0df67c4e15,353-VI-00030
5eb4e912da6da3b502dabe21,185-VI-00002
5f55105706158f011e1df51c,353-VI-00016
5eb4e860da6da3b502da7cd0,118-VI-00008
5f21ab4206158f011e7f3ce2,041-VI-00024
5fee5d1e9e8b013f269327f8,850-VI-00001
5efcc55cf1cdbf68d0c1887b,312-VI-00006
5f550ed406158f011e1dce71,276-VI-00019
5f23049006158f011e8a3f2d,166-PR-00819
5fae456c205391c03b78b51b,974-PR-02105
5eb4e80eda6da3b502da5183,056-VI-00058
5eb4e9aeda6da3b502dae7e3,215-VI-00060
5fee5bef9e8b013f26931324,811-VI-00013
5ef4e44bf1cdbf68d06e9f87,483-PR-00222
5ef4e449f1cdbf68d06e9f52,411-PR-00309
5eb4eafbda6da3b502db3108,290-VI-00001
5eb4e80eda6da3b502da5163,056-VI-00043
5fee475b9e8b013f2691bc40,393-EE-00059
603ba5099e8b013f26f77736,330-CO-00672
607edbe2b5ef6a0c984faee0,1194-VI-00001
5eb4e9fbda6da3b502dafa27,222-VI-00037
5eee44b8f1cdbf68d028566b,216-VI-00126
5f3f50ab06158f011ef5ef35,163-AA-00004
607edae9b5ef6a0c984f4189,1083-VI-00006
5f8d13e985445785cc8a0e9b,070-PR-00886
60e741f186f54aa214e7c38d,1052-CO-00602
60889f01b5ef6a0c98a2765a,319-VI-00004
5eb4eaa6da6da3b502db1f4a,243-VI-00056
5fee32c79e8b013f269019a5,070-PR-00889
5f1335f0f1cdbf68d0d2f181,058-CO-00022
61700bd76e54bb62e702cf9d,664-PR-02195
5eb4e83dda6da3b502da6be5,098-VI-00001
5f23019d06158f011e898982,220-VI-00046
5ef43bb1f1cdbf68d066abf9,278-VI-00023
5eb4eabdda6da3b502db23e8,257-VI-00001
5eb4ea0eda6da3b502dafe92,223-VI-00019
5ec832c721581078294c4ad3,252-VI-00002
5eb4e8acda6da3b502da9b2f,153-VI-00006
5eb4ea36da6da3b502db077a,227-VI-00043
5eb4e8f5da6da3b502dab4cc,166-VI-00001
5eb4e904da6da3b502dab9cf,175-VI-00025
610b1f5b786f7f0df61a14d0,674-VI-00008
5f2c4d8806158f011eee95f1,601-EE-00033
5eb4e876da6da3b502da85d0,138-VI-00001
5efe86a0f1cdbf68d0daf057,194-VI-00052
5f55138b06158f011e1e3d81,410-PR-00114
5ececc922158107829867e13,168-VI-00032
6088a2c4b5ef6a0c98a34af2,475-VI-00006
5fee40de9e8b013f26913d91,241-PR-00903
5eb4ec97da6da3b502db9fd8,565-VI-00001
5f5513b906158f011e1e41c9,442-PR-00078
5ecece11215810782986ce44,176-VI-00025
5eb4e8f5da6da3b502dab4ca,165-VI-00001
5eb4ea4fda6da3b502db0d0d,230-VI-00027
5f11df68f1cdbf68d0c2a61c,237-VI-00042
5eb4e977da6da3b502dad993,199-VI-00059
5eb4e998da6da3b502dae255,204-VI-00025
5ee3bd66f1cdbf68d0af3c3b,431-PR-00266
617968646e54bb62e7e5a3c7,145-VI-00010
5f55112906158f011e1e0846,440-VI-00011
5f6ae4b606158f011ed0106c,843-PR-00918
5f5513b106158f011e1e411a,431-PR-00126
5eb4e9afda6da3b502dae811,216-AA-00004
5fedf96e9e8b013f26898939,070-VI-00100
5eb4e954da6da3b502dad084,195-VI-00008
5fee58629e8b013f2692e0f5,686-VI-00007
5eced84721581078298891e8,173-PR-00134
5eb4eb14da6da3b502db35f3,324-VI-00001
5f5512f806158f011e1e30c6,150-PR-00732
5eb4ea4dda6da3b502db0cb9,229-VI-00052
5f899b9485445785cc55e1e4,337-CO-00092
5f55135906158f011e1e3916,399-PR-00520
5ececb3a215810782986366f,130-VI-00004
603ba49e9e8b013f26f75f52,233-CO-00111
5f3f688a06158f011efb3ef5,511-VI-00018
603b9c8f9e8b013f26f37bac,812-CO-00705
5eb4e8f5da6da3b502dab4de,167-VI-00003
5ebc2d4ada6da3b50230358a,204-VI-00039
603ba7b59e8b013f26f806a6,208-PR-02916
5fee59d59e8b013f2692f403,910-PR-02093
5fee69f59e8b013f2693e6e5,335-EE-00072
5eb4ea65da6da3b502db11b7,232-VI-00035
5eb4ea79da6da3b502db1613,235-VI-00010
5ee50e9ef1cdbf68d0bf3532,461-VI-00034
5eb4eb26da6da3b502db399d,123-PR-00559
5f0debccf1cdbf68d08a0c3f,274-HV-00003
5efb7127f1cdbf68d0b3533a,125-VI-00022
5ee0f43bf1cdbf68d075d1a8,205-VI-00003
5efa2918f1cdbf68d0a56613,647-VI-00037
5eb4eae5da6da3b502db2c69,276-VI-00001
5eb4e7e9da6da3b502da3b39,042-VI-00001
61009e5886f54aa214869de3,085-VI-00002
5f133317f1cdbf68d0d2bb02,331-PR-00562
5eb4e9a8da6da3b502dae67f,206-VI-00002
5eb4e9fcda6da3b502dafa37,222-VI-00044
5eb4e83dda6da3b502da6bc8,088-VI-00014
6123b0ef786f7f0df63d2939,126-VI-00065
5eb4e9fcda6da3b502dafa3b,222-VI-00046
6238235ad4bdad853fcdd989,475-VI-00007
5eb4eb58da6da3b502db4389,394-VI-00002
5ed691d82158107829e5f48a,427-VI-00013
5eb4e8f5da6da3b502dab4f0,168-VI-00010
5f5517e106158f011e1e9f2d,058-CO-00128
603ba4e39e8b013f26f76ea8,204-CO-00356
5eb4e7c6da6da3b502da35bf,031-VI-00001
5ed9d827f1cdbf68d02509f8,666-VI-00002
5fee47cb9e8b013f2691c3fa,584-EE-00029
5f19c245f1cdbf68d01f72a4,040-VI-00019
5eb4e9aeda6da3b502dae7f4,216-AA-00001
5f3f611d06158f011ef9d961,058-PR-00770
5ebada55da6da3b502209523,163-VI-00029
5ececeaf215810782986e718,205-VI-00005
5eb4ec97da6da3b502db9fca,554-VI-00001
5f2060203a620227c4d27811,299-PR-00406
5f040d90f1cdbf68d015aed4,666-VI-00008
5f299d1d06158f011ec42a70,780-PR-00826
5f5503c706158f011e1c532f,126-VI-00039
5eb4eb70da6da3b502db4808,419-VI-00001
60e742f586f54aa214e88c66,769-PR-02841
5f550d9206158f011e1da970,238-VI-00057
5fee1d569e8b013f268de19c,268-VI-00012
5f2304f306158f011e8a53e6,410-PR-00660
5ec832d421581078294c4c1d,325-VI-00033
5eb4e904da6da3b502dab9cd,175-VI-00024
5f3f667806158f011efae568,419-VI-00011
5eb4ea7ada6da3b502db1632,237-AA-00005
5fee56999e8b013f2692c271,671-PR-00938
5eb4ea4eda6da3b502db0cd9,229-VI-00086
5eb4e987da6da3b502daddbb,200-VI-00019
5eb4e84fda6da3b502da746f,112-VI-00003
5f1d0f513a620227c4b75cea,158-VI-00003
5eea4e9bf1cdbf68d0fc5986,108-VI-00001
5f3f6d5d06158f011efbe3a2,603-VI-00005
607ee700b5ef6a0c985390c8,1113-EE-00204
5eb4e922da6da3b502dac2a8,190-VI-00002
5fee3d829e8b013f2690f655,541-VI-00016
5ef4e574f1cdbf68d06eb7c6,633-VI-00003
5ef7829df1cdbf68d08837b3,402-PR-00163
5f55134606158f011e1e376d,311-PR-00652
5eb4ea37da6da3b502db07b5,228-VI-00010
5eeba4d4f1cdbf68d00ab756,627-VI-00005
5fee16269e8b013f268d2cd9,234-VI-00001
5eb4e9e9da6da3b502daf5ad,221-VI-00028
5f2c382706158f011eeb462f,045-VI-00001
5f3f36c606158f011ef28de4,046-VI-00162
60e7423d86f54aa214e7fbf8,320-EE-00018
5eb4ecbeda6da3b502dbac9c,582-VI-00003
5eb4ebfcda6da3b502db6267,461-VI-00023
5f5517d406158f011e1e9e32,837-VI-00003
5eb4e858da6da3b502da78ad,112-VI-00029
6093f7ecb5ef6a0c9844c28d,101-VI-00028
5ed888d72158107829fa9b3a,475-VI-00003
5eb4e860da6da3b502da7cc4,120-VI-00001
5eb4ead1da6da3b502db283a,267-VI-00010
5f1b1c6df1cdbf68d031fb8b,442-PR-00448
611e6a24786f7f0df64cf080,667-PR-02385
5eb4e896da6da3b502da9276,140-VI-00001
5eb4e846da6da3b502da7026,101-VI-00014
5eb5931cda6da3b502e4d71f,001-VI-00017
5eb4eb58da6da3b502db438b,398-VI-00001
607ee368b5ef6a0c9852a246,520-VI-00007
5ee0f46cf1cdbf68d075d6ec,227-VI-00062
5eb4eb42da6da3b502db3f3e,379-VI-00012
5ee25369f1cdbf68d09b01fd,644-VI-00001
5eb4e81ada6da3b502da5a46,060-VI-00009
5eb4e7e4da6da3b502da3a82,036-VI-00027
5eb4ec61da6da3b502db8cf9,511-VI-00002
6160c41edbd480e4a9c51d9b,182-VI-00011
5ee50bf1f1cdbf68d0bef818,281-VI-00011
5eb4e923da6da3b502dac2cb,190-VI-00006
5f113258f1cdbf68d0afb79c,140-VI-00006
5f550c0006158f011e1d79a6,229-VI-00131
5eb4e976da6da3b502dad955,199-VI-00018
5fee40be9e8b013f26913b08,234-PR-00993
5efe853bf1cdbf68d0dad920,156-VI-00006
5eb4eb70da6da3b502db481a,419-VI-00011
5eb4e86bda6da3b502da8162,139-VI-00023
5eb4e7fbda6da3b502da446b,046-VI-00029
5f7c2b6a06158f011e65ea51,345-PR-02102
615b5598786f7f0df68c1b78,671-PR-02282
5fee55279e8b013f2692ab6a,646-PR-00959
5eb4e8c2da6da3b502daa3af,158-VI-00022
5f3f6c3006158f011efbc1e7,565-AA-00002
5edd6e78f1cdbf68d04bbe6b,045-VI-00076
5efa25d4f1cdbf68d0a50c98,261-VI-00034
5eb4ea21da6da3b502db02c7,225-VI-00008
5f21abf006158f011e7f60b5,127-VI-00003
5f8d153385445785cc8a25b0,341-PR-00240
5f5517e506158f011e1e9f7f,068-CO-00052
603baad99e8b013f26f8b1b1,280-HV-00023
611d31f0786f7f0df66179fb,127-VI-00005
5eb4e9acda6da3b502dae765,212-VI-00057
5eb4e9acda6da3b502dae796,215-VI-00019
5f3f516706158f011ef61149,190-VI-00102
5eb4e7cada6da3b502da3605,033-VI-00008
5f21b7e506158f011e818648,562-VI-00006
5f898f7e85445785cc550474,431-PR-00481
5fee1d609e8b013f268de3a9,276-VI-00023
5f6ad79a06158f011ecf3e0b,220-VI-00049
5eb4eb43da6da3b502db3f52,388-VI-00001
5eecf48ef1cdbf68d01866d4,225-VI-00065
5ed68d172158107829e564f5,229-VI-00065
5f3f611906158f011ef9d8a3,001-PR-00842
5ef4e24bf1cdbf68d06e7560,251-VI-00021
5eb4e80eda6da3b502da5137,056-VI-00020
5eb4e81bda6da3b502da5a7e,062-VI-00017
5eb4e8acda6da3b502da9b05,143-VI-00001
5eb4eb2ada6da3b502db3a89,329-VI-00002
60fb55d286f54aa21453f4ea,179-VI-00006
5f55085c06158f011e1cfa8c,199-VI-00054
5f99c54085445785ccf47248,419-VI-00038
5f55130106158f011e1e317e,173-PR-00141
5eb4e7cbda6da3b502da3625,036-VI-00003
60e73dbd86f54aa214e536dd,104-VI-00001
5eb4e954da6da3b502dad086,195-VI-00011
5eb4eaa7da6da3b502db1f6e,247-VI-00006
5faa55b9205391c03b5ca7f2,112-PR-00979
5eb4e80eda6da3b502da511d,056-VI-00005
60fb55da86f54aa21454174a,432-AA-00001
5f5513ce06158f011e1e4363,608-PR-00541
5eb4ea21da6da3b502db02d3,225-VI-00016
5f3f585c06158f011ef7a428,220-VI-00033
60a692f4c06b49dd3f693884,233-EE-00082
5efe8d90f1cdbf68d0db637f,654-VI-00026
5fee5ba89e8b013f26930f64,326-HV-00030
60e73df386f54aa214e55926,121-VI-00008
5eb4e823da6da3b502da5ea7,068-VI-00020
5eb4e9d4da6da3b502daf0df,217-VI-00005
5eb4ebcada6da3b502db5915,441-VI-00002
5eda4cb1f1cdbf68d02c4e73,047-VI-00034
603ba46c9e8b013f26f754b5,208-CO-00249
5fee31c89e8b013f269005a7,058-PR-02156
5f11392ef1cdbf68d0b1402e,229-AA-00001
5f5513d906158f011e1e4437,769-PR-00681
5fedfbc39e8b013f2689d40d,107-AA-00001
60e742d486f54aa214e86ec7,431-PR-02512
5eb4ecbeda6da3b502dbac8f,582-VI-00004
5ef23d0bf1cdbf68d056ddd7,434-VI-00006
5f205b5a3a620227c4d16fd4,153-VI-00004
5eb4e823da6da3b502da5ea9,068-VI-00021
5eb4eabcda6da3b502db23c8,252-AA-00008
5eb4e9d5da6da3b502daf127,219-VI-00031
60e73de686f54aa214e54fe5,113-VI-00002
5eb4ead1da6da3b502db2831,267-VI-00005
5eb4ea39da6da3b502db0833,229-VI-00004
5f19c43ff1cdbf68d01fbad1,156-VI-00003
5eb4e7cada6da3b502da3618,033-VI-00019
610b1f65786f7f0df61aa996,095-PR-03131
5f3f688c06158f011efb3f33,511-VI-00021
60e742af86f54aa214e8535b,261-PR-02046
5ed886612158107829fa2c32,239-VI-00012
5f147c3bf1cdbf68d0e16baf,040-VI-00020
5eb4e823da6da3b502da5eab,068-VI-00022
5eb4eb25da6da3b502db3983,062-PR-00139
5eb4e942da6da3b502dacbca,193-VI-00009
5eb4e8cfda6da3b502daa81d,160-VI-00005
5ee251f7f1cdbf68d09ade6d,281-VI-00017
5f1f11e33a620227c4c82ac5,456-VI-00001
603ba79d9e8b013f26f8009f,150-PR-02220
603b99d49e8b013f26ef48e3,121-VI-00001
5ec5851d2158107829239827,237-VI-00061
5f04093ff1cdbf68d014f753,326-VI-00013
607edf81b5ef6a0c9851673d,237-VI-03007
5f1db9ab3a620227c4bcd99d,162-VI-00011
5ed537772158107829d8075f,048-VI-00035
60e742ac86f54aa214e85086,245-PR-02624
5f0758c6f1cdbf68d03c2697,308-AA-00001
5ed6914e2158107829e5e448,400-VI-00004
5f09f163f1cdbf68d05d25eb,115-VI-00025
5faa1e4b205391c03b57c45f,080-VI-00032
5ed9d402f1cdbf68d0247bd1,167-VI-00005
607ee661b5ef6a0c98536998,215-CO-00610
5eb4e9aeda6da3b502dae7da,215-VI-00057
5ef78183f1cdbf68d0882061,224-VI-00073
5eb4e922da6da3b502dac2b6,189-VI-00196
5f8d147185445785cc8a1746,193-PR-00967
5faa526e205391c03b5c7799,058-PR-00836
5edd7456f1cdbf68d04c7968,337-CO-00200
603ba5f39e8b013f26f7aab2,806-CO-00522
603b986d9e8b013f26ee5c92,087-AA-00001
5fee043d9e8b013f268b77bf,173-VI-00050
5faa2376205391c03b587cca,138-VI-00027
5eb4e823da6da3b502da5ecb,070-VI-00008
5eb4e903da6da3b502dab9ab,173-VI-00034
5ec584452158107829235821,176-VI-00023
607edba8b5ef6a0c984f9391,115-VI-00062
5eb4e81ada6da3b502da5a1b,059-VI-00009
5ee3bd58f1cdbf68d0af3b24,336-PR-00343
5f55114206158f011e1e0a84,461-VI-00008
5eb4eb3bda6da3b502db3dc8,184-PR-00319
5ed144f52158107829accfc5,184-VI-00006
60a690efc06b49dd3f6874aa,397-VI-00008
5eb4ea39da6da3b502db0841,229-VI-00012
6088a951b5ef6a0c98a45c2a,118-PR-02464
5eb4e932da6da3b502dac76d,192-VI-00002
5eb4e84fda6da3b502da743f,109-VI-00003
5f3f50af06158f011ef5f03c,163-VI-00023
5eb4e8c2da6da3b502daa39f,158-VI-00015
5fee35989e8b013f26905155,1026-PR-02505
5ef62ef7f1cdbf68d07a8758,077-VI-00014
5eb4ea39da6da3b502db0847,232-VI-00047
60e741bb86f54aa214e79f92,660-VI-00008
60b902dc86f54aa214baa2f0,431-PR-02521
5f5503a406158f011e1c4e60,109-VI-00006
5eb4e8f7da6da3b502dab57f,173-VI-00002
5ee0f798f1cdbf68d076224c,143-PR-00004
5eb4ea21da6da3b502db02f2,225-VI-00027
5eb4e976da6da3b502dad93f,199-VI-00008
5f8ff25585445785ccc3ee15,752-AA-00007
5faa8396205391c03b5f1836,301-EE-00045
5f0deb9df1cdbf68d08a0890,299-PR-00106
5eb4ec2dda6da3b502db787b,468-VI-00005
5eb4ea38da6da3b502db0817,228-VI-00071
5eb4e896da6da3b502da9294,140-VI-00016
5eb4eb59da6da3b502db43a2,399-VI-00019
5eb4e82bda6da3b502da6349,073-VI-00001
5eb4e823da6da3b502da5ed3,070-VI-00011
5f04ad9af1cdbf68d019589d,304-VI-00004
61a8703e21f9a393b3957239,329-EE-00252
5eb4ed12da6da3b502dbc5ac,815-VI-00001
5eb4ea91da6da3b502db1b02,243-VI-00035
5f187795f1cdbf68d010e254,429-PR-00454
5edfc83bf1cdbf68d068709f,241-PR-00336
5fee043e9e8b013f268b77e2,173-VI-00051
5f11de54f1cdbf68d0c28d65,203-VI-00025
5eb4eb14da6da3b502db360d,325-VI-00014
5eb4eb11da6da3b502db3569,298-VI-00001
5f5511f706158f011e1e1afd,815-VI-00001
5f3f510f06158f011ef60153,182-VI-00008
5eb4eb59da6da3b502db43bf,406-VI-00001
5f78180f06158f011e41b4f6,276-VI-00021
5eb4ec97da6da3b502db9fa4,537-VI-00003
5f5b29b006158f011e93ec30,126-VI-00020
5eb4e834da6da3b502da679e,080-VI-00015
607edadcb5ef6a0c984f3cd8,105-VI-00002
5ec5830d2158107829232c11,158-VI-00031
5fee2d779e8b013f268fa8f4,434-VI-00022
5eb4e86ada6da3b502da8129,126-VI-00003
5eb4e8c2da6da3b502daa3dd,158-VI-00054
60e73de686f54aa214e55056,113-VI-00007
6179684f6e54bb62e7e48806,1174-HV-00150
5ef63576f1cdbf68d07b3012,562-VI-00001
5ecfc401215810782995165f,080-VI-00030
5f1f09953a620227c4c699d0,115-VI-00024
5faa5363205391c03b5c86a8,077-PR-00130
5f5b433e06158f011e99e3b4,200-AA-00003
5ec588662158107829240f2b,142-PR-00654
5f299d3606158f011ec42dab,280-VI-00023
5eb4e896da6da3b502da926c,139-VI-00079
5ef4df58f1cdbf68d06e1e39,221-VI-00057
5f27003306158f011ea85482,641-VI-00007
5eea5491f1cdbf68d0fceead,577-VI-00003
5f55131106158f011e1e32cf,196-PR-00359
5f187ac5f1cdbf68d011226c,469-VI-00004
5f11dfd2f1cdbf68d0c2aea8,281-AA-00001
5eb4e932da6da3b502dac760,227-VI-00048
603b9c889e8b013f26f37119,223-VI-00011
60e7415d86f54aa214e76aa9,523-VI-00001
5faa7fb7205391c03b5ee1e5,307-CO-00010
5fee3dd49e8b013f2690fcaf,593-VI-00013
5eb4e834da6da3b502da6778,079-VI-00002
5eb4e7ebda6da3b502da3b91,043-VI-00008
5f2c471706158f011eedbdbb,298-VI-00002
5ef23d0ff1cdbf68d056de25,447-VI-00005
5eb4e8ceda6da3b502daa7fd,159-VI-00006
60e742d286f54aa214e86cdf,429-PR-00881
61547212786f7f0df6e448f5,517-VI-00007
5f898b7685445785cc534fbb,341-PR-00294
5ef77ec6f1cdbf68d087c51f,112-VI-00025
5eb4e9c0da6da3b502daec7b,216-VI-00040
5f1d14173a620227c4b87546,321-VI-00006
5ee508daf1cdbf68d0be9b14,140-VI-00073
5f244e6a06158f011e948fb2,045-VI-00128
5eb4eabdda6da3b502db23e3,255-VI-00002
5f3f530e06158f011ef65cab,196-VI-00053
5f5b1b6e06158f011e90859b,046-VI-00187
5eb4e942da6da3b502dacbd0,193-VI-00013
60b902f086f54aa214baa8b7,337-PR-02648
5f66de9d06158f011ea35212,194-VI-00019
5ecec87b21581078298564e8,001-VI-00007
612b0781786f7f0df6e9d1f2,058-VI-00091
5f23064806158f011e8a97b2,267-VI-00007
5f06a995f1cdbf68d02f6d11,172-VI-00005
5f2b485a06158f011ed8096c,278-PR-00438
5f259fe706158f011e9d61f9,046-VI-00148
607eec16b5ef6a0c9854c04a,440-DC-00014
5eb4e88ada6da3b502da8e34,139-VI-00042
5eb4e7cbda6da3b502da3635,036-VI-00012
5f132abff1cdbf68d0d1cc10,038-VI-00046
5eb4e7c9da6da3b502da35f8,033-VI-00001
5eb4e914da6da3b502dabe87,188-VI-00019
5f3f5e3606158f011ef93711,307-VI-00041
5eb4e942da6da3b502dacbcc,193-VI-00010
5eb4e814da6da3b502da55c8,058-VI-00013
5f0f3744f1cdbf68d0996dd0,079-VI-00024
5eb4e81bda6da3b502da5a7c,062-VI-00012
5eb4e846da6da3b502da700a,101-VI-00002
5eb4e7c1da6da3b502da3595,001-VI-00004
5ec021b12158107829ded36d,222-VI-00065
5f5807bd06158f011e4dcd11,469-VI-00001
60e73ddd86f54aa214e54af8,1122-VI-00001
5f3f515d06158f011ef60f81,194-VI-00035
5f15d87ff1cdbf68d0f211b6,453-VI-00023
5f6ece4006158f011eec2533,230-VI-00080
5ed9d5c0f1cdbf68d024b3a4,229-VI-00070
5eb4eabdda6da3b502db23dd,255-VI-00001
5eb4e932da6da3b502dac73c,190-VI-00062
5f74ef7706158f011e1c0875,444-CO-00179
5eb4e84fda6da3b502da7463,125-VI-00011
5eb4eb2ada6da3b502db3a7d,326-VI-00007
618e714a6abee66874eb24e0,598-PR-03414
5eb4e7c4da6da3b502da35ab,001-VI-00013
5eb4e81ada6da3b502da5a10,059-VI-00014
61700bea6e54bb62e7038938,1154-VI-00001
60e7408886f54aa214e6e642,283-VI-00004
5ed691512158107829e5e479,417-VI-00001
5edfc83df1cdbf68d06870f9,400-PR-00316
61286493786f7f0df6c8922e,744-PR-03203
5eb4e87fda6da3b502da89ee,138-VI-00007
5f3f4db506158f011ef54d05,140-VI-00077
5ed53c702158107829d8bc90,437-PR-00190
5eb4e7eada6da3b502da3b7e,043-VI-00001
5f5519cd06158f011e1ec96c,186-EE-00114
5eb4eaa7da6da3b502db1f74,247-VI-00008
5eb4e880da6da3b502da8a01,139-VI-00003
60fb55d886f54aa2145410e8,1170-PR-03067
5ee3bd64f1cdbf68d0af3c29,429-PR-00389
5f5fbeb806158f011e44613d,333-CO-00085
5f55135206158f011e1e387f,345-PR-00401
5ec173002158107829eddf20,220-VI-00015
5eb4e814da6da3b502da55a7,057-VI-00027
603ba8d89e8b013f26f84755,744-PR-02810
5f5512a506158f011e1e29a1,100-PR-00774
5ec023182158107829df2cb3,200-PR-00257
5f2c4d2006158f011eee8985,616-VI-00002
5eb4e8dcda6da3b502daaca1,163-VI-00003
5f3f595b06158f011ef7fc1b,225-VI-00060
5eb4e81ada6da3b502da5a24,059-VI-00012
60fb55dc86f54aa214541cd2,169-PR-02429
5eb4ea92da6da3b502db1b0c,243-VI-00041
5ed144c42158107829acc75e,167-VI-00010
5eb4e860da6da3b502da7cd8,120-VI-00003
5eb4eb11da6da3b502db3567,296-VI-00001
5ee7ac4ef1cdbf68d0ddbc37,212-VI-00061
5f79617006158f011e4bb9b4,230-VI-00086
5f18726df1cdbf68d01052b3,108-VI-00002
5eb4ec2eda6da3b502db7889,481-VI-00001
5eeba484f1cdbf68d00ab17a,464-VI-00009
603b99929e8b013f26ef1473,1110-VI-00002
5fee64729e8b013f2693977c,326-CO-00544
611d31f7786f7f0df661c520,477-AA-00002
5f19c3eef1cdbf68d01fb17a,106-VI-00004
5f76d46806158f011e374d6a,402-PR-00605
5eb4ea20da6da3b502db02b9,225-VI-00003
5ebea3522158107829cdf7bd,431-PR-00175
60e741db86f54aa214e7b621,961-VI-00003
619f0b0c21f9a393b3dfdad0,812-VI-00005
610b1f77786f7f0df61bbc72,831-VI-00010
5ebade24da6da3b50221456b,325-VI-00047
5f0f403cf1cdbf68d09a558c,261-VI-00015
5f55129e06158f011e1e2919,083-PR-00236
5f55135506158f011e1e38bc,386-PR-00031
5eb4ea4dda6da3b502db0cb3,229-VI-00050
5eb4e976da6da3b502dad93b,199-VI-00002
6125c1e1786f7f0df6748994,274-PR-03236
5ef78236f1cdbf68d0882ffc,427-VI-00014
5eb4eb12da6da3b502db35b6,308-AA-00002
5eb4e8c1da6da3b502daa376,152-VI-00002
5eb6e542da6da3b502f39518,166-VI-00009
5eb4e9abda6da3b502dae749,212-VI-00043
6101effb86f54aa214a4dc8b,1236-VI-00003
5f1878a2f1cdbf68d010f722,433-VI-00001
5ed68cef2158107829e56000,225-VI-00060
610b1f67786f7f0df61ac618,173-PR-02585
5f3f5ec406158f011ef956c8,397-VI-00007
60e742bd86f54aa214e85e4e,326-PR-03130
5eb4e83dda6da3b502da6bd9,089-VI-00010
5f08a83af1cdbf68d04eb85e,237-VI-00052
60e742e186f54aa214e87815,538-PR-03079
5fee69d89e8b013f2693e5d0,335-EE-00053
5eb4e954da6da3b502dad089,195-VI-00012
5f2067a03a620227c4d37ead,667-CO-00371
5fef888d9e8b013f26abe57f,300-VI-00002
5ee3bdf5f1cdbf68d0af47ee,580-VI-00004
5f2061ff3a620227c4d2bef1,397-VI-00004
5eb4e9fada6da3b502daf9da,221-VI-00059
5eb4ea20da6da3b502db02bb,224-VI-00017
5ef23e75f1cdbf68d056fe32,644-VI-00025
5eb4eb2ada6da3b502db3a6b,325-VI-00046
5ed29bae2158107829bf82bc,346-CO-00275
60e73de686f54aa214e5507c,113-VI-00006
5eb4e823da6da3b502da5ec5,070-VI-00005
6125c1e1786f7f0df67485a8,1066-VI-00004
5efb78ddf1cdbf68d0b41913,184-CO-00286
5eb4eb42da6da3b502db3f22,349-VI-00001
5fee4bf49e8b013f26920da0,402-PR-00871
61286476786f7f0df6c6e378,688-VI-00011
610e05ca786f7f0df69b44f4,477-AA-00001
5efb784df1cdbf68d0b40d29,447-VI-00004
5eb4e860da6da3b502da7cb7,115-VI-00004
5fee52ba9e8b013f269280bc,646-VI-00010
624476b9755cba02e5d603d8,145-PR-03539
5f550c0006158f011e1d79b2,229-VI-00133
607ee6f4b5ef6a0c98538e36,658-CO-00695
5eb4e9acda6da3b502dae794,215-VI-00019
5f3f6e3706158f011efbfa74,577-CO-00190
5eb4ea90da6da3b502db1aa6,240-AA-00001
5f55199c06158f011e1ec5d8,192-CO-00227
5eb4e834da6da3b502da676e,074-VI-00002
5ef4df1df1cdbf68d06e18ae,196-VI-00051
5eb4e9e8da6da3b502daf594,221-VI-00015
603baa879e8b013f26f8a1be,812-PR-02092
5f57fee306158f011e4cc111,276-VI-00020
61271371786f7f0df6a8c19e,1052-PR-03209
5fee39a39e8b013f2690a95f,514-VI-00011
5f8998ac85445785cc55ace7,056-CO-00013
5f2842bb06158f011eae5992,031-VI-00018
60fb55d886f54aa214540d0c,667-PR-02077
5f113bdef1cdbf68d0b17369,631-VI-00049
5eb4e80eda6da3b502da5167,056-VI-00045
5eb4e84fda6da3b502da742f,106-VI-00001
5f0deaa3f1cdbf68d089f48c,224-VI-00029
5eb4e80eda6da3b502da513d,056-VI-00023
5eb4ea79da6da3b502db15ff,233-VI-00005
607ee83ab5ef6a0c9853d523,058-PR-03046
5f78233706158f011e424c54,749-PR-02029
61113b51786f7f0df60f8b66,126-VI-00059
5ec8326221581078294c3e18,193-VI-00052
60e7427686f54aa214e82171,1052-PR-03234
5f71799c06158f011efd92d5,346-VI-00009
5f55134506158f011e1e3766,311-PR-00633
60e740a886f54aa214e6f918,319-VI-00011
5fee5c529e8b013f26931bdf,837-AA-00004
5f8d117c85445785cc89e37d,628-VI-00006
5ee25008f1cdbf68d09a9eb2,141-VI-00014
5eb4e82bda6da3b502da6319,070-VI-00051
610e05db786f7f0df69c72f5,085-VI-00003
5eb4ea21da6da3b502db02e1,225-VI-00021
603ba10f9e8b013f26f67d16,439-VI-00046
5edfc2f9f1cdbf68d067a86a,139-VI-00070
5eb4ea8fda6da3b502db1a84,238-VI-00010
60e741bb86f54aa214e79fb2,660-VI-00011
5f2c4d6e06158f011eee9252,924-VI-00003
5fee0b5d9e8b013f268c3960,208-VI-00005
603ba81d9e8b013f26f81de9,233-PR-02892
5eb4eb2bda6da3b502db3aa5,332-VI-00001
5eb4e80eda6da3b502da5191,057-VI-00008
615b55d7786f7f0df68f84ad,274-HV-00018
5f80a9f9692103962e90f71d,203-VI-00026
5f148889f1cdbf68d0e2a845,453-VI-00021
5fee33549e8b013f269024e0,463-VI-00005
5eb4e814da6da3b502da5593,057-VI-00013
5fee04369e8b013f268b776d,173-VI-00048
60e7411386f54aa214e73ca8,433-VI-00004
5f3f5a9d06158f011ef85868,235-VI-00021
5eb4e904da6da3b502dab9c2,175-VI-00012
5eb4e7e7da6da3b502da3aeb,039-VI-00001
603ba3ea9e8b013f26f737b6,079-CO-00187
5eb4e846da6da3b502da7010,101-VI-00005
5f3f50ce06158f011ef5f573,169-VI-00050
5eb4e81ada6da3b502da5a5a,061-VI-00005
5ed8836f2158107829f9a7c2,080-VI-00037
5ed888d42158107829fa9ae7,457-VI-00035
5f5803c606158f011e4d5c26,546-HV-00048
5eb4e8acda6da3b502da9b2d,144-VI-00040
5eb4ea7ada6da3b502db1622,236-VI-00001
620e61bdd4bdad853f27be07,1266-VI-00001
5f2b48b906158f011ed81254,326-HV-00034
5eb4e953da6da3b502dad053,194-VI-00035
5efcc515f1cdbf68d0c1802b,237-VI-00056
5f5513ac06158f011e1e40b0,429-PR-00458
5eb4eb14da6da3b502db35ef,322-VI-00008
5fedf9659e8b013f26898868,070-VI-00093
5eb4e8acda6da3b502da9b3b,150-AA-00001
5eb4e8a0da6da3b502da96e0,140-VI-00053
5eb4e81bda6da3b502da5a79,062-VI-00011
5eb4e7e9da6da3b502da3b3d,042-VI-00003
5f299c9d06158f011ec41ba1,058-PR-00471
5eb4ea23da6da3b502db0333,227-VI-00017
5f5503b006158f011e1c4fe3,112-AA-00004
5f299df206158f011ec44507,457-VI-00044
5eb4ec97da6da3b502db9fb0,542-VI-00001
60a69379c06b49dd3f695abf,122-PR-02304
60e741bb86f54aa214e79f71,660-VI-00008
5f3f5e1606158f011ef92fd4,281-VI-00011
5fee50c79e8b013f26926093,457-PR-00907
5eb4e904da6da3b502dab9fa,182-VI-00001
5fee31e49e8b013f26900810,060-PR-02071
5f5517de06158f011e1e9eeb,978-VI-00002
5eb4eb6fda6da3b502db47f4,414-AA-00002
5fee64f49e8b013f26939e8f,333-CO-00252
5eb4eb2bda6da3b502db3aa3,332-VI-00001
5fee45719e8b013f269195cc,301-PR-02118
5fee1fc39e8b013f268e36c6,295-VI-00009
5f3f5a1306158f011ef832a5,230-VI-00083
5ed8837c2158107829f9a99d,139-VI-00072
5eb4e84fda6da3b502da7437,108-VI-00001
5eb4eafbda6da3b502db30ec,281-VI-00012
60a69052c06b49dd3f68315a,283-VI-00002
5eb4e7ebda6da3b502da3b87,043-VI-00004
5f1b1c7af1cdbf68d031fc21,076-HV-00024
5f0f3822f1cdbf68d099909d,126-AA-00001
5eb4ea37da6da3b502db07cf,228-VI-00025
60e742ba86f54aa214e85c07,311-PR-02553
5efcc231f1cdbf68d0c11305,077-VI-00002
61b3793d21f9a393b382acbe,795-VI-00002
5eb4ea7ada6da3b502db1630,237-AA-00004
5eb4e9c1da6da3b502daeca5,216-VI-00064
5eb4e83dda6da3b502da6bdd,089-VI-00019
5eb4e81ada6da3b502da5a3c,060-VI-00011
5f1b1647f1cdbf68d03166c6,139-VI-00004
5f1332cff1cdbf68d0d2b635,261-VI-00052
5fee0f2d9e8b013f268c9756,220-VI-00057
60900a73b5ef6a0c98f60834,562-VI-00024
5ed888d22158107829fa9a96,447-VI-00003
5f3f4d9e06158f011ef5468e,139-VI-00094
607eebe8b5ef6a0c9854b602,833-PR-02831
5eb4e9aeda6da3b502dae7e0,215-VI-00064
5f55115006158f011e1e0bc6,462-VI-00036
5ed9d69af1cdbf68d024cc3e,311-VI-00001
5f04090ff1cdbf68d014ef81,261-VI-00032
5eb4e84fda6da3b502da742b,102-VI-00005
5eb4ea37da6da3b502db07d1,228-VI-00026
6195dbca6abee668742a8540,429-PR-02448
5fee5aec9e8b013f269302d7,914-PR-00924
5f3f510506158f011ef5ffb9,175-VI-00021
5f2b3d4506158f011ed69a5f,033-VI-00048
5f08a2f9f1cdbf68d04e03cc,115-VI-00021
5ebdde10da6da3b50249c2a4,220-VI-00015
5fedfc599e8b013f2689e58f,110-VI-00004
5eb4e962da6da3b502dad499,196-VI-00013
5eb4e9a9da6da3b502dae698,206-VI-00014
5fee558f9e8b013f2692b12d,654-VI-00082
5ef43f5cf1cdbf68d06703b5,644-VI-00010
60a69341c06b49dd3f694ccb,083-PR-02578
5f5519bd06158f011e1ec859,418-CO-00369
60e73dc686f54aa214e53dc4,1071-VI-00002
5eb4e84fda6da3b502da7435,107-VI-00001
5eb4e83dda6da3b502da6bca,088-VI-00015
5eb4ec62da6da3b502db8d41,518-VI-00001
5eb4e913da6da3b502dabe6b,188-VI-00005
607eec54b5ef6a0c9854cd9a,881-PR-03066
5eb4eae5da6da3b502db2c74,277-VI-00002
5f1f08363a620227c4c6357c,032-VI-00029
603ba1129e8b013f26f67df5,445-VI-00003
5f55018f06158f011e1bea5d,047-VI-00097
5efcc63ef1cdbf68d0c1a236,267-PR-00449
5f172689f1cdbf68d0016750,431-PR-00607
5eb4ea0dda6da3b502dafe6c,222-VI-00067
5eb4eae5da6da3b502db2c86,278-VI-00008
61700bc06e54bb62e701c281,287-PR-03188
5f113c0af1cdbf68d0b17643,326-CO-00051
5eb4ec2dda6da3b502db787e,469-VI-00001
5ed9d81ef1cdbf68d02508d5,511-VI-00009
5ec8328521581078294c42d4,217-VI-00009
5eb4e9fcda6da3b502dafa49,222-VI-00056
5f5517e806158f011e1e9fbf,088-CO-00018
61700bd26e54bb62e702a24b,220-AA-00012
5f8ff25c85445785ccc3eece,752-VI-00009
5f3f36be06158f011ef28d6b,046-VI-00111
5faa5cb8205391c03b5d0deb,216-PR-00787
5f55131806158f011e1e3358,204-PR-00563
60e73dca86f54aa214e540db,1083-VI-00010
5f1f0aa53a620227c4c6e224,170-VI-00007
5ed14d1f2158107829ad9bf6,321-VI-00003
5ec2c6302158107829fe60c3,240-AA-00007
5f245ce806158f011e96f1fd,667-VI-00008
5f76dba506158f011e37aebf,444-CO-00179
5f99c47385445785ccf46638,220-VI-00002
5fee52409e8b013f26927872,484-PR-02203
5eb4eae4da6da3b502db2c5e,311-VI-00002
5ef4df75f1cdbf68d06e214b,225-VI-00051
5eb4eabcda6da3b502db23c4,252-AA-00006
60940bc0b5ef6a0c984a79a8,233-PR-03085
5f5fb6b106158f011e43add6,658-PR-02033
5ecece6f215810782986dcd5,195-VI-00037
5ec8326c21581078294c3f31,202-VI-00005
5eb4ebfcda6da3b502db6256,461-VI-00003
5eb4e84fda6da3b502da747d,111-VI-00006
5f3f687c06158f011efb3d8f,464-VI-00003
5f8e680085445785cca7373e,112-VI-00046
5f5512dc06158f011e1e2e99,143-PR-00082
5f74242506158f011e174448,546-HV-00047
5ee0f36ff1cdbf68d075b994,169-VI-00045
5ef7828df1cdbf68d08836ac,054-PR-00622
5f147f96f1cdbf68d0e1e48c,172-VI-00006
603ba84e9e8b013f26f82892,239-PR-02677
5eb4ec98da6da3b502db9fdf,568-VI-00002
60fca9d686f54aa2145b1bb3,847-PR-02567
60a6941cc06b49dd3f698e55,431-PR-02520
5eb4e846da6da3b502da701b,101-VI-00010
5eb4e87fda6da3b502da89ec,138-VI-00005
5ef77ebcf1cdbf68d087c3fd,077-VI-00013
5eb4ea20da6da3b502db02b1,224-VI-00001
5fee0f079e8b013f268c94b4,220-VI-00053
5f74ef7b06158f011e1c0899,679-PR-00445
5fee23cc9e8b013f268eb3b9,337-VI-00039
5eb4ea38da6da3b502db0811,228-VI-00068
61140d30786f7f0df681345b,436-VI-00004
5eb4e8dcda6da3b502daac8b,162-VI-00002
5f55121406158f011e1e1da9,582-VI-00071
615b55b8786f7f0df68dd7cf,769-PR-03301
5eb4eaa7da6da3b502db1f65,247-VI-00003
5f6eddc706158f011eed03e6,752-AA-00002
5eb4e80eda6da3b502da518b,057-VI-00006
5eb4ed11da6da3b502dbc597,679-VI-00001
5eb4e7e8da6da3b502da3b08,040-VI-00005
5f99c47885445785ccf466af,220-VI-00003
5eb4eb13da6da3b502db35d2,311-VI-00003
5fee37b59e8b013f26907ccc,112-PR-02087
5eb4e80eda6da3b502da510f,056-AA-00001
5eb4eb9cda6da3b502db5091,426-VI-00003
5eb6e4d6da6da3b502f382f4,138-VI-00017
5ececb3b21581078298636b6,131-VI-00014
5f11e631f1cdbf68d0c332f5,414-CO-00091
5f22fd3f06158f011e882081,045-VI-00130
5eb4eb6fda6da3b502db4804,417-VI-00003
603ba0f59e8b013f26f675bb,452-VI-00015
5eb4e9abda6da3b502dae71f,212-VI-00023
5fee58599e8b013f2692e067,686-VI-00004
5eb4e7f5da6da3b502da4006,045-VI-00027
5f716e8106158f011efccab5,215-VI-00083
5f3f4fae06158f011ef5baab,151-VI-00004
5f5fbd3a06158f011e443b19,654-VI-00046
5ec58144215810782922f71b,065-VI-00007
5fee44559e8b013f269182a0,294-PR-00649
5eb4eafada6da3b502db30c9,280-VI-00005
5f5513e006158f011e1e44d4,795-PR-00823
5ecfc86421581078299598bb,329-VI-00006
5eb4e81ada6da3b502da5a6b,061-VI-00014
5f0b4985f1cdbf68d06b40b9,245-VI-00004
5ef77ec2f1cdbf68d087c490,098-VI-00021
619d628b6abee668747656b7,431-EE-00129
5f7dee6706158f011e7d1a2f,238-VI-00056
603ba3fd9e8b013f26f73bfe,920-VI-00012
5eb4e857da6da3b502da789d,112-VI-00021
5ecec87b21581078298564ac,001-VI-00003
5eeba274f1cdbf68d00a82c6,285-VI-00001
5eb4e846da6da3b502da7008,101-VI-00001
5eb4e7e6da6da3b502da3abf,038-VI-00002
5ef632d1f1cdbf68d07aeac0,426-VI-00019
5fee55659e8b013f2692aee3,654-VI-00063
5eb4e9bfda6da3b502daec49,216-VI-00014
5f5513b906158f011e1e41c5,440-PR-00940
5fedfc5b9e8b013f2689e5bb,110-VI-00005
5eb4e86bda6da3b502da8160,139-VI-00023
5eb4eb9cda6da3b502db5087,425-VI-00001
5f5513d506158f011e1e43ea,679-PR-00444
5f55133406158f011e1e359f,299-PR-00781
5eb4e814da6da3b502da55da,058-VI-00024
5f5513b806158f011e1e41b4,440-PR-00759
5f55199d06158f011e1ec5f8,192-CO-00248
5eb4ebcada6da3b502db590b,439-VI-00042
5eb4e8acda6da3b502da9b39,149-VI-00008
5eb4ea79da6da3b502db15f3,397-VI-00001
5f1f110f3a620227c4c80e58,280-VI-00024
5f2455bb06158f011e961352,546-PR-00493
5f19ca19f1cdbf68d02050b8,285-VI-00002
5f040d81f1cdbf68d015acfe,631-VI-00014
5eb4e998da6da3b502dae249,204-VI-00020
5ececc442158107829866ea1,140-VI-00077
5f15da48f1cdbf68d0f2349b,575-VI-00002
5eb4e860da6da3b502da7cc8,118-VI-00004
5eb4e912da6da3b502dabe2b,187-VI-00003
5eb4e84fda6da3b502da744f,109-VI-00012
61fd5a97d4bdad853fff4b2a,1266-PR-03480
60889680b5ef6a0c989ff14f,121-VI-00005
607ede3eb5ef6a0c9850de20,220-AA-00008
607ee07cb5ef6a0c9851c159,290-VI-00012
5eb4ec2eda6da3b502db789a,488-VI-00003
5f5b9f9e06158f011eadac77,267-CO-00207
60a68de1c06b49dd3f665505,101-VI-00027
5eb4e7e5da6da3b502da3aa7,039-VI-00004
607edbb2b5ef6a0c984f982d,121-VI-00004
5eb4e86bda6da3b502da8140,126-VI-00019
6154721c786f7f0df6e54b08,432-VI-00432
5f55131906158f011e1e336b,204-PR-00936
5eb4e954da6da3b502dad081,195-VI-00005
61b3794421f9a393b38359fb,477-PR-03378
607ee9c5b5ef6a0c98543593,208-PR-02911
5eb4ea20da6da3b502db02b7,224-VI-00006
5efcc4d7f1cdbf68d0c178a5,224-VI-00034
5fee69f79e8b013f2693e6f4,335-EE-00072
5f55130206158f011e1e3198,173-PR-00566
5eb6e814da6da3b502f42a7f,307-VI-00040
5fee0b5f9e8b013f268c3982,208-VI-00006
5ef63218f1cdbf68d07adc20,237-VI-00043
5f08aa9af1cdbf68d04f0145,255-VI-00008
5eb4e8cfda6da3b502daa80e,159-VI-00017
5eb4e953da6da3b502dad047,194-VI-00028
60e7424f86f54aa214e80822,001-PR-02906
5fee5d6b9e8b013f26932d03,914-VI-00001
5f5513cf06158f011e1e4370,632-PR-00450
5f55179c06158f011e1e993f,758-VI-00001
5f08ae71f1cdbf68d04f6cc3,514-VI-00004
5fedff9d9e8b013f268aed67,139-VI-00115
5eb4e9beda6da3b502daec2b,216-AA-00005
5efe8492f1cdbf68d0dace6a,098-VI-00003
5eb4e7e8da6da3b502da3b1c,040-VI-00013
5ee50be9f1cdbf68d0bef78d,266-VI-00010
5eea52b8f1cdbf68d0fcca41,325-VI-00048
5eb4e7cbda6da3b502da362a,036-VI-00006
603baa889e8b013f26f8a1e8,795-PR-00969
5f5508c806158f011e1d0b1f,216-VI-00142
5ec832d421581078294c4c25,325-VI-00040
60e742ba86f54aa214e85bb7,311-PR-02117
5ed691f72158107829e5f7f1,646-VI-00002
5eb4eb6fda6da3b502db47ee,412-VI-00001
5eb4eb13da6da3b502db35e3,321-VI-00002
5eb4e86bda6da3b502da8136,126-VI-00009
607ee59ab5ef6a0c98533930,980-VI-00002
5f26f69906158f011ea719de,199-VI-00064
5fedffab9e8b013f268aee26,139-VI-00120
5eb4e823da6da3b502da5ec9,070-VI-00007
60e73dca86f54aa214e540d5,1083-VI-00010
5eb4eafbda6da3b502db3102,285-VI-00001
5eb4e912da6da3b502dabe17,184-VI-00021
5eb4eb2bda6da3b502db3ab9,336-VI-00007
5eb4e822da6da3b502da5e7f,062-VI-00020
5f5508d906158f011e1d0d5b,220-VI-00035
5fee33889e8b013f26902872,462-VI-00049
5ee3b724f1cdbf68d0ae7d74,047-VI-00066
5eb4e9aada6da3b502dae705,212-VI-00011
5eb4e9bfda6da3b502daec39,216-VI-00007
5eb4e81ada6da3b502da5a40,060-VI-00005
5eb4ecdada6da3b502dbb508,603-VI-00005
5ef6357cf1cdbf68d07b306c,582-VI-00030
5eb4e823da6da3b502da5edd,070-VI-00016
61361ecd786f7f0df67bb320,284-PR-02348
5eb4e7c0da6da3b502da358e,001-VI-00001
5ef4e573f1cdbf68d06eb7b2,628-VI-00015
5eb4e802da6da3b502da48b7,047-VI-00007
5f187682f1cdbf68d010ccf8,220-VI-00038
5f0f4083f1cdbf68d09a5a87,174-PR-00301
5eb4e8cfda6da3b502daa835,160-VI-00039
6176c10f6e54bb62e7ca5453,145-CO-00900
5eb4e84fda6da3b502da7441,109-VI-00004
5eb4e943da6da3b502dacc2d,194-VI-00023
5f299d1006158f011ec428dd,474-PR-00420
5ef62f9ef1cdbf68d07a9d20,126-VI-00030
5eb4e80fda6da3b502da5193,057-VI-00009
5fee3f7c9e8b013f26911ddf,209-PR-00929
60e73de786f54aa214e550a2,113-VI-00008
61b3797b21f9a393b3873752,350-VI-00004
5eb4e8f6da6da3b502dab557,171-VI-00004
5eb4e8a0da6da3b502da96bd,140-VI-00032
619d629b6abee6687476f0cd,329-VI-00030
5eeba216f1cdbf68d00a7a21,225-VI-00041
5eb4ea38da6da3b502db07f3,228-VI-00046
5eb4e7fbda6da3b502da4479,046-VI-00036
5ed53f742158107829d91b63,225-CO-00294
5ec5844321581078292355e9,173-VI-00041
5ec021b32158107829ded3a8,223-VI-00026
5ee3bcd2f1cdbf68d0af3031,347-VI-00002
5eb4ea21da6da3b502db02cd,225-VI-00011
5eb4e889da6da3b502da8e1f,139-VI-00027
5eb4eb9cda6da3b502db508b,424-VI-00001
620e61d7d4bdad853f2a12a4,172-VI-00004
613f7220786f7f0df6e49577,600-VI-00017
5eb4e9fada6da3b502daf9d0,221-VI-00056
5ec835bd21581078294c9ad5,464-VI-00001
5ee3b72cf1cdbf68d0ae7e6c,058-VI-00023
60fb55da86f54aa21454165e,084-PR-00402
5eb4e83dda6da3b502da6ba6,080-VI-00026
5eb4e861da6da3b502da7d1b,125-VI-00017
5f55089506158f011e1d0332,215-AA-00002
6229a298d4bdad853fecf961,1266-PR-03483
5eb4e998da6da3b502dae247,204-VI-00019
5eb4eb6fda6da3b502db47f2,414-AA-00001
5ebc30acda6da3b50230d740,481-VI-00004
5f3f5e7406158f011ef94523,312-VI-00004
5eee484bf1cdbf68d028a7a1,410-PR-00065
5eb4e84fda6da3b502da7467,111-VI-00001
60e73e8886f54aa214e5b8e5,166-VI-00010
5eb4ecdada6da3b502dbb4f2,601-VI-00004
5f5512fe06158f011e1e313b,166-PR-00393
5eb4e7c1da6da3b502da3593,001-VI-00002
5eb4e86ada6da3b502da8134,126-VI-00007
5f29a31a06158f011ec4e63b,469-VI-00002
5eb4e976da6da3b502dad93d,199-VI-00003
5eb4eb10da6da3b502db3547,295-VI-00002
60e7427786f54aa214e82270,1096-PR-02559
5eb4e923da6da3b502dac2cd,190-VI-00008
60a69077c06b49dd3f684311,319-VI-00005
5efe8ca4f1cdbf68d0db5518,542-VI-00021
5ec832ca21581078294c4b23,267-VI-00022
5eb4eb12da6da3b502db35a9,307-VI-00041
5eb4e7f5da6da3b502da3fd2,045-VI-00001
5eb4ea8fda6da3b502db1a92,238-VI-00052
5eb4e977da6da3b502dad991,199-VI-00059
5f5517e206158f011e1e9f47,068-CO-00029
5f28502106158f011eb08d71,603-VI-00020
5ec023042158107829df285a,346-VI-00001
5f57fc6c06158f011e4c67e0,229-VI-00136
60a68de2c06b49dd3f665608,101-VI-00026
603bab289e8b013f26f8c252,975-PR-02931
5ec020582158107829de9177,175-VI-00021
5eb4e875da6da3b502da857f,132-VI-00003
5fee4b109e8b013f2691fd6c,596-VI-00007
5eb4e9acda6da3b502dae773,215-VI-00005
5eb4e9fbda6da3b502dafa23,222-VI-00035
60a68fafc06b49dd3f67c4c1,237-VI-03006
5f55070d06158f011e1ccd88,176-AA-00004
603ba2d89e8b013f26f6f93b,591-VI-00002
5eb4e823da6da3b502da5ee9,070-VI-00022
6149f222786f7f0df60fc5ae,324-PR-03148
5eb4ea0dda6da3b502dafe72,223-AA-00001
603b9ecd9e8b013f26f5da68,280-VI-00021
5f2b518b06158f011ed8facf,518-VI-00001
60e740a886f54aa214e6f8e4,319-VI-00008
5f550d9f06158f011e1dab03,241-AA-00001
5f6c37d306158f011edacaa0,220-CO-00416
61361ecd786f7f0df67bb31d,284-PR-02348
5eb4eaa7da6da3b502db1f69,247-VI-00004
5eb4eae5da6da3b502db2c72,277-VI-00001
5f5517e406158f011e1e9f74,061-CO-00220
5eb4e814da6da3b502da55b3,058-VI-00002
5ef4e239f1cdbf68d06e733a,237-VI-00045
5ec831c521581078294c264c,160-VI-00063
61904dcb6abee66874fc28aa,450-PR-03175
5fee59019e8b013f2692e8a4,769-PR-02590
5f5513dd06158f011e1e4495,769-PR-00716
5f1d0f723a620227c4b76906,203-VI-00007
60fb55e186f54aa214543760,202-CO-00626
5eb4eae6da6da3b502db2ca4,278-VI-00030
5f3f5cbd06158f011ef8e05a,238-VI-00030
6138dd26786f7f0df694a7ca,068-VI-00039
5eb4eb59da6da3b502db43b3,403-VI-00001
5f66e10a06158f011ea3998c,220-AA-00004
5ef23a52f1cdbf68d056a336,238-VI-00048
6125c1eb786f7f0df67518aa,202-VI-00014
5f3f50cf06158f011ef5f57c,169-VI-00051
5fee47279e8b013f2691b8db,330-PR-02472
5ec8313e21581078294c08f5,118-VI-00010
5fef739c9e8b013f26aa193b,070-AA-00001
60e73df386f54aa214e5592f,121-VI-00006
5fee55969e8b013f2692b1a4,656-VI-00002
5eb4e9c0da6da3b502daec82,216-VI-00043
5f3f4d6d06158f011ef53b2c,127-VI-00006
5f65916106158f011e992982,220-VI-00013
5f5512f706158f011e1e30ad,150-PR-00192
5efa23f4f1cdbf68d0a4dcd0,224-VI-00004
5fee68de9e8b013f2693d8fe,301-EE-00080
611d3216786f7f0df662f79a,095-PR-03103
5f6c389206158f011edad462,444-CO-00179
5f5513a706158f011e1e4046,411-PR-00306
61700bba6e54bb62e701623e,326-CO-00889
5f2458bd06158f011e9672b3,457-VI-00020
5eee4654f1cdbf68d0287fbc,232-VI-00077
5eb4eafbda6da3b502db3112,291-VI-00001
5eb4e81ada6da3b502da5a3e,060-VI-00003
5eb4e7c3da6da3b502da359f,001-VI-00014
62a0bbc2206f25fb6b33c3fb,145-CO-00953
5efb7897f1cdbf68d0b41376,631-VI-00014
5efb7093f1cdbf68d0b33c7b,068-VI-00024
5ebea3582158107829cdf834,430-VI-00002
5ec832ce21581078294c4b8f,290-VI-00005
5eb4ea8fda6da3b502db1a8a,238-VI-00035
5f8d13ec85445785cc8a0ecc,070-PR-00900
5fee5d769e8b013f26932db9,918-VI-00004
5f8d0c5f85445785cc859c00,068-VI-00031
5eb4e964da6da3b502dad4e1,196-VI-00053
5ebad8f7da6da3b502205c56,001-VI-00011
5eb4e87fda6da3b502da89e8,138-VI-00002
5ee3b72cf1cdbf68d0ae7e67,058-VI-00023
5ef4e239f1cdbf68d06e7332,237-VI-00027
5f3f627606158f011efa1f8b,914-PR-00829
5f5513b006158f011e1e4103,431-PR-00066
5eb4ebc9da6da3b502db58ff,434-VI-00012
5ec01f5b2158107829de6003,077-VI-00018
5f5519c906158f011e1ec92a,667-CO-00372
5ef4ddecf1cdbf68d06df51c,098-VI-00031
5f08ae72f1cdbf68d04f6cd3,520-VI-00001
5f3f6e2106158f011efbf7de,237-CO-00310
5f1131d6f1cdbf68d0afa72f,074-VI-00004
60e7424f86f54aa214e80816,001-PR-02906
603ba5c19e8b013f26f7a038,921-CO-00679
60e741f386f54aa214e7c51f,110-CO-00765
603ba6ce9e8b013f26f7d69d,978-EE-00173
5ecec963215810782985b676,046-VI-00065
5ecfc41a2158107829951abb,089-AA-00004
5eb4ea7ada6da3b502db1620,235-VI-00019
5ed298f22158107829bf2586,217-PR-00093
5eb6e439da6da3b502f35e5e,037-VI-00026
5f040ba3f1cdbf68d0156720,386-PR-00172
5fee40eb9e8b013f26913e7d,241-PR-02199
607ee9a9b5ef6a0c98542ef7,326-PR-03035
5fee57ba9e8b013f2692d623,746-PR-02025
5f55132306158f011e1e343e,246-PR-00005
5eb4e7fbda6da3b502da4455,046-VI-00013
5f5517d706158f011e1e9e66,848-VI-00003
5eb4eb14da6da3b502db3615,325-VI-00019
5eb4ebcada6da3b502db593a,445-VI-00003
61547207786f7f0df6e3551b,346-PR-02306
5f8978da85445785cc502b90,329-VI-00013
610e05d9786f7f0df69c49d7,674-PR-03238
5fee07ab9e8b013f268bd883,193-VI-00042
618e71516abee66874eb4ecb,851-VI-00001
5f55171806158f011e1e8dd7,616-VI-00001
5eb4e846da6da3b502da7002,100-VI-00026
5f61926b06158f011e61d30f,112-AA-00005
5ee7b155f1cdbf68d0de3936,562-VI-00005
5f5517e206158f011e1e9f40,058-CO-00368
5f08a619f1cdbf68d04e7682,216-VI-00095
5eb4ead0da6da3b502db2825,267-AA-00001
5f8994f685445785cc556460,582-VI-00068
5eb4eafbda6da3b502db3110,290-VI-00003
5f299d4a06158f011ec42f9b,278-HV-00015
5eb4e8dcda6da3b502daac8d,162-VI-00002
5eb5947cda6da3b502e51984,173-VI-00023
5eb4e932da6da3b502dac775,192-VI-00009
5eb4e9e8da6da3b502daf58e,221-VI-00011
5f1877e9f1cdbf68d010e883,278-VI-00027
5eeba4aef1cdbf68d00ab48a,386-PR-00031
5eb4ea20da6da3b502db02bf,225-VI-00002
5eb4ea64da6da3b502db118b,232-VI-00014
607eec69b5ef6a0c9854d192,377-HV-00141
5edfc354f1cdbf68d067b5a7,144-VI-00045
5eb4ec97da6da3b502db9fcc,562-VI-00001
5f5508c706158f011e1d0b07,216-VI-00139
5eb4e943da6da3b502dacc24,194-VI-00017
5eb4eae5da6da3b502db2c6f,277-VI-00001
5eb4e823da6da3b502da5ebb,069-VI-00003
60fb55d686f54aa214540527,153-PR-02026
5eb4ea90da6da3b502db1aac,240-AA-00005
5eb4e988da6da3b502dade09,202-VI-00002
5f89426285445785cc4c0169,056-AA-00004
5f55107f06158f011e1df8cd,440-VI-00013
5f172694f1cdbf68d00167da,667-PR-00517
5f76dba506158f011e37aec3,444-CO-00179
5f5502bf06158f011e1c267c,068-VI-00034
60e742e486f54aa214e87a23,589-PR-02867
5eb4e7bfda6da3b502da3589,001-VI-00001
5f71836006158f011efe0eec,827-VI-00008
5eb4e7fcda6da3b502da4487,046-VI-00043
5ebde094da6da3b50249df18,266-VI-00003
5eced10421581078298745dc,238-VI-00015
5ebadb0cda6da3b50220aae1,194-VI-00053
5edfc1f5f1cdbf68d06777a1,045-VI-00093
625f3eb1755cba02e57cfbbe,058-PR-02107
5eb4ecdada6da3b502dbb50c,616-VI-00001
5ecfc6ce21581078299574f3,341-PR-00240
5f25a69a06158f011e9ecb1a,229-VI-00128
618e71536abee66874eb5a31,851-CO-00819
5fee37d39e8b013f26907f4b,122-PR-02090
610cb443786f7f0df65d56da,562-VI-00022
5f89905585445785cc5512c6,480-PR-00260
60fca9e386f54aa2145b1ccf,562-VI-00021
5eb4ebcbda6da3b502db593e,445-VI-00005
5fee374b9e8b013f26907263,488-VI-00001
5f5517e806158f011e1e9fb7,080-CO-00219
5ebea0c42158107829cdaee8,187-VI-00033
5ed68a672158107829e50ce2,122-VI-00007
5efb78d4f1cdbf68d0b41879,645-VI-00013
5eb4e976da6da3b502dad930,198-VI-00022
5eda5013f1cdbf68d02cc645,267-VI-00027
5eb4e8f4da6da3b502dab4c6,163-VI-00027
5ec585aa215810782923a146,296-VI-00001
5f3f555e06158f011ef6c860,200-VI-00071
5eb4ea37da6da3b502db07e9,228-VI-00038
5eb4e9aada6da3b502dae717,212-VI-00020
5f28485406158f011eaf8781,226-VI-00004
5eb4ea22da6da3b502db030c,226-VI-00005
60e73dd986f54aa214e54912,110-VI-00016
5eb4e846da6da3b502da7014,101-VI-00007
5f74ef7b06158f011e1c0892,346-PR-00761
5f04b135f1cdbf68d01a4299,679-PR-00472
5eb4e987da6da3b502daddca,200-VI-00039
5eb4eaa7da6da3b502db1f8a,248-VI-00001
